item_id:token,interaction_count,pop_score,popularity_label
146,672,0.012921089063221043,1
75,525,0.01009460083064144,1
174,511,0.009825411475157668,1
125,475,0.009133210275342255,1
15,460,0.0088447931087525,1
268,382,0.007345023842485771,1
86,366,0.0070373788647900325,1
19,339,0.006518227964928473,1
39,339,0.006518227964928473,1
104,330,0.006345177664974619,1
21,284,0.0054606983540993696,1
88,276,0.0053068758652515,1
263,259,0.004980003076449777,1
87,257,0.00494154745423781,1
124,246,0.004730041532071989,1
89,228,0.004383940932164283,1
11,222,0.00426857406552838,1
23,218,0.004191662821104445,1
176,216,0.004153207198892478,1
337,215,0.004133979387786494,1
290,200,0.003845562221196739,1
324,199,0.0038263344100907554,1
269,199,0.0038263344100907554,1
284,199,0.0038263344100907554,1
286,188,0.0036148284879249344,1
28,186,0.0035763728657129674,1
47,177,0.003403322565759114,1
163,174,0.0033456391324411627,1
328,171,0.003287955699123212,1
162,166,0.0031918166435932933,1
90,165,0.0031725888324873096,1
267,162,0.0031149053991693584,1
93,159,0.0030572219658514077,1
77,150,0.002884171665897554,1
271,146,0.0028072604214736193,1
92,146,0.0028072604214736193,1
186,145,0.002788032610367636,1
209,145,0.002788032610367636,1
71,142,0.0027303491770496848,1
513,133,0.0025572988770958312,1
321,132,0.0025380710659898475,1
316,131,0.0025188432548838642,0
394,128,0.002461159821565913,0
38,127,0.0024419320104599293,0
56,127,0.0024419320104599293,0
114,127,0.0024419320104599293,0
289,127,0.0024419320104599293,0
270,126,0.0024227041993539456,0
45,119,0.0022881095216120595,0
228,116,0.0022304260882941088,0
338,111,0.00213428703276419,0
306,109,0.0020958314105522227,0
297,109,0.0020958314105522227,0
177,109,0.0020958314105522227,0
206,107,0.0020573757883402552,0
179,106,0.0020381479772342715,0
126,105,0.0020189201661282878,0
520,103,0.0019804645439163208,0
717,101,0.001942008921704353,0
497,100,0.0019227811105983696,0
652,100,0.0019227811105983696,0
148,99,0.0019035532994923859,0
294,98,0.0018843254883864021,0
372,98,0.0018843254883864021,0
14,97,0.0018650976772804184,0
388,96,0.0018458698661744347,0
201,93,0.0017881864328564837,0
374,93,0.0017881864328564837,0
709,93,0.0017881864328564837,0
727,92,0.0017689586217505,0
147,91,0.0017497308106445163,0
426,90,0.0017305029995385325,0
1159,89,0.0017112751884325488,0
371,88,0.001692047377326565,0
76,87,0.0016728195662205814,0
1058,86,0.0016535917551145978,0
384,85,0.0016343639440086141,0
325,85,0.0016343639440086141,0
287,85,0.0016343639440086141,0
203,84,0.0016151361329026304,0
387,84,0.0016151361329026304,0
322,84,0.0016151361329026304,0
351,83,0.0015959083217966467,0
586,83,0.0015959083217966467,0
745,82,0.001576680510690663,0
1295,82,0.001576680510690663,0
526,80,0.0015382248884786955,0
354,79,0.001518997077372712,0
528,79,0.001518997077372712,0
383,78,0.0014997692662667283,0
488,78,0.0014997692662667283,0
292,78,0.0014997692662667283,0
773,77,0.0014805414551607445,0
424,77,0.0014805414551607445,0
746,77,0.0014805414551607445,0
192,76,0.0014613136440547608,0
283,76,0.0014613136440547608,0
304,75,0.001442085832948777,0
279,73,0.0014036302107368096,0
175,73,0.0014036302107368096,0
1211,73,0.0014036302107368096,0
572,71,0.0013651745885248424,0
543,71,0.0013651745885248424,0
512,70,0.0013459467774188587,0
205,69,0.001326718966312875,0
644,69,0.001326718966312875,0
1240,68,0.0013074911552068912,0
364,68,0.0013074911552068912,0
524,68,0.0013074911552068912,0
69,68,0.0013074911552068912,0
804,68,0.0013074911552068912,0
547,68,0.0013074911552068912,0
326,68,0.0013074911552068912,0
731,67,0.0012882633441009075,0
300,66,0.0012690355329949238,0
835,66,0.0012690355329949238,0
397,65,0.0012498077218889402,0
518,65,0.0012498077218889402,0
78,64,0.0012305799107829565,0
207,64,0.0012305799107829565,0
349,63,0.0012113520996769728,0
640,63,0.0012113520996769728,0
588,63,0.0012113520996769728,0
734,63,0.0012113520996769728,0
291,63,0.0012113520996769728,0
108,62,0.001192124288570989,0
85,61,0.0011728964774650053,0
900,61,0.0011728964774650053,0
120,61,0.0011728964774650053,0
198,60,0.0011536686663590216,0
429,60,0.0011536686663590216,0
593,60,0.0011536686663590216,0
184,60,0.0011536686663590216,0
780,59,0.001134440855253038,0
178,59,0.001134440855253038,0
240,58,0.0011152130441470544,0
1151,58,0.0011152130441470544,0
963,58,0.0011152130441470544,0
813,58,0.0011152130441470544,0
213,57,0.0010959852330410707,0
41,57,0.0010959852330410707,0
587,57,0.0010959852330410707,0
293,56,0.001076757421935087,0
343,56,0.001076757421935087,0
403,55,0.0010575296108291032,0
1121,55,0.0010575296108291032,0
386,55,0.0010575296108291032,0
772,54,0.0010383017997231195,0
1019,54,0.0010383017997231195,0
313,54,0.0010383017997231195,0
500,53,0.0010190739886171358,0
530,53,0.0010190739886171358,0
375,53,0.0010190739886171358,0
1033,53,0.0010190739886171358,0
67,53,0.0010190739886171358,0
390,52,0.000999846177511152,0
389,52,0.000999846177511152,0
35,52,0.000999846177511152,0
707,52,0.000999846177511152,0
80,52,0.000999846177511152,0
119,51,0.0009806183664051685,0
711,51,0.0009806183664051685,0
685,51,0.0009806183664051685,0
678,51,0.0009806183664051685,0
986,51,0.0009806183664051685,0
13,51,0.0009806183664051685,0
231,51,0.0009806183664051685,0
298,51,0.0009806183664051685,0
771,50,0.0009613905552991848,0
902,50,0.0009613905552991848,0
730,50,0.0009613905552991848,0
1027,50,0.0009613905552991848,0
1028,50,0.0009613905552991848,0
433,49,0.0009421627441932011,0
833,49,0.0009421627441932011,0
1393,48,0.0009229349330872173,0
295,48,0.0009229349330872173,0
1716,48,0.0009229349330872173,0
173,48,0.0009229349330872173,0
109,48,0.0009229349330872173,0
22,48,0.0009229349330872173,0
421,48,0.0009229349330872173,0
169,48,0.0009229349330872173,0
619,48,0.0009229349330872173,0
960,48,0.0009229349330872173,0
517,48,0.0009229349330872173,0
427,48,0.0009229349330872173,0
412,47,0.0009037071219812336,0
434,47,0.0009037071219812336,0
712,47,0.0009037071219812336,0
1160,46,0.00088447931087525,0
692,46,0.00088447931087525,0
149,46,0.00088447931087525,0
490,46,0.00088447931087525,0
2945,46,0.00088447931087525,0
472,46,0.00088447931087525,0
585,45,0.0008652514997692663,0
156,45,0.0008652514997692663,0
95,45,0.0008652514997692663,0
202,44,0.0008460236886632825,0
702,44,0.0008460236886632825,0
73,44,0.0008460236886632825,0
63,44,0.0008460236886632825,0
1702,44,0.0008460236886632825,0
150,44,0.0008460236886632825,0
763,44,0.0008460236886632825,0
1060,43,0.0008267958775572989,0
698,43,0.0008267958775572989,0
1155,43,0.0008267958775572989,0
525,43,0.0008267958775572989,0
280,43,0.0008267958775572989,0
2580,43,0.0008267958775572989,0
373,43,0.0008267958775572989,0
315,43,0.0008267958775572989,0
996,42,0.0008075680664513152,0
631,42,0.0008075680664513152,0
1565,42,0.0008075680664513152,0
583,42,0.0008075680664513152,0
623,42,0.0008075680664513152,0
643,42,0.0008075680664513152,0
199,42,0.0008075680664513152,0
2473,42,0.0008075680664513152,0
516,42,0.0008075680664513152,0
430,42,0.0008075680664513152,0
314,42,0.0008075680664513152,0
79,41,0.0007883402553453315,0
197,41,0.0007883402553453315,0
1088,41,0.0007883402553453315,0
970,41,0.0007883402553453315,0
1227,41,0.0007883402553453315,0
81,41,0.0007883402553453315,0
677,41,0.0007883402553453315,0
189,41,0.0007883402553453315,0
243,41,0.0007883402553453315,0
2693,41,0.0007883402553453315,0
225,41,0.0007883402553453315,0
266,41,0.0007883402553453315,0
825,41,0.0007883402553453315,0
2347,40,0.0007691124442393477,0
2738,40,0.0007691124442393477,0
2264,40,0.0007691124442393477,0
2202,40,0.0007691124442393477,0
2449,40,0.0007691124442393477,0
66,40,0.0007691124442393477,0
310,40,0.0007691124442393477,0
779,40,0.0007691124442393477,0
2965,40,0.0007691124442393477,0
2424,40,0.0007691124442393477,0
55,40,0.0007691124442393477,0
54,40,0.0007691124442393477,0
2649,40,0.0007691124442393477,0
327,40,0.0007691124442393477,0
710,40,0.0007691124442393477,0
2843,40,0.0007691124442393477,0
1486,39,0.0007498846331333641,0
277,39,0.0007498846331333641,0
862,39,0.0007498846331333641,0
690,39,0.0007498846331333641,0
948,39,0.0007498846331333641,0
12,39,0.0007498846331333641,0
236,39,0.0007498846331333641,0
2460,39,0.0007498846331333641,0
204,39,0.0007498846331333641,0
106,39,0.0007498846331333641,0
2441,39,0.0007498846331333641,0
737,39,0.0007498846331333641,0
1008,38,0.0007306568220273804,0
299,38,0.0007306568220273804,0
1355,38,0.0007306568220273804,0
474,38,0.0007306568220273804,0
1279,38,0.0007306568220273804,0
1068,38,0.0007306568220273804,0
357,38,0.0007306568220273804,0
335,38,0.0007306568220273804,0
2625,38,0.0007306568220273804,0
200,37,0.0007114290109213967,0
208,37,0.0007114290109213967,0
1417,37,0.0007114290109213967,0
1101,37,0.0007114290109213967,0
2283,37,0.0007114290109213967,0
115,37,0.0007114290109213967,0
735,37,0.0007114290109213967,0
1413,37,0.0007114290109213967,0
2,36,0.0006922011998154131,0
312,36,0.0006922011998154131,0
380,36,0.0006922011998154131,0
334,36,0.0006922011998154131,0
946,36,0.0006922011998154131,0
52,36,0.0006922011998154131,0
672,36,0.0006922011998154131,0
924,36,0.0006922011998154131,0
105,36,0.0006922011998154131,0
591,36,0.0006922011998154131,0
2947,36,0.0006922011998154131,0
74,36,0.0006922011998154131,0
450,36,0.0006922011998154131,0
1064,35,0.0006729733887094293,0
491,35,0.0006729733887094293,0
589,35,0.0006729733887094293,0
1127,35,0.0006729733887094293,0
391,35,0.0006729733887094293,0
622,35,0.0006729733887094293,0
1243,35,0.0006729733887094293,0
818,35,0.0006729733887094293,0
1966,35,0.0006729733887094293,0
664,35,0.0006729733887094293,0
982,35,0.0006729733887094293,0
636,35,0.0006729733887094293,0
1272,34,0.0006537455776034456,0
514,34,0.0006537455776034456,0
515,34,0.0006537455776034456,0
628,34,0.0006537455776034456,0
789,34,0.0006537455776034456,0
353,34,0.0006537455776034456,0
1307,34,0.0006537455776034456,0
455,34,0.0006537455776034456,0
950,34,0.0006537455776034456,0
1078,34,0.0006537455776034456,0
1299,34,0.0006537455776034456,0
110,34,0.0006537455776034456,0
590,34,0.0006537455776034456,0
37,33,0.0006345177664974619,0
420,33,0.0006345177664974619,0
239,33,0.0006345177664974619,0
1030,33,0.0006345177664974619,0
107,33,0.0006345177664974619,0
1954,33,0.0006345177664974619,0
536,33,0.0006345177664974619,0
1684,33,0.0006345177664974619,0
1351,33,0.0006345177664974619,0
36,32,0.0006152899553914783,0
728,32,0.0006152899553914783,0
1435,32,0.0006152899553914783,0
170,32,0.0006152899553914783,0
234,32,0.0006152899553914783,0
2630,32,0.0006152899553914783,0
511,32,0.0006152899553914783,0
1715,31,0.0005960621442854945,0
1501,31,0.0005960621442854945,0
154,31,0.0005960621442854945,0
1290,31,0.0005960621442854945,0
376,31,0.0005960621442854945,0
2733,31,0.0005960621442854945,0
577,31,0.0005960621442854945,0
858,31,0.0005960621442854945,0
1061,31,0.0005960621442854945,0
759,31,0.0005960621442854945,0
323,31,0.0005960621442854945,0
447,31,0.0005960621442854945,0
929,31,0.0005960621442854945,0
663,31,0.0005960621442854945,0
1381,31,0.0005960621442854945,0
1224,30,0.0005768343331795108,0
1298,30,0.0005768343331795108,0
958,30,0.0005768343331795108,0
103,30,0.0005768343331795108,0
25,30,0.0005768343331795108,0
94,30,0.0005768343331795108,0
17,30,0.0005768343331795108,0
1234,30,0.0005768343331795108,0
2085,30,0.0005768343331795108,0
1434,30,0.0005768343331795108,0
564,30,0.0005768343331795108,0
332,29,0.0005576065220735272,0
72,29,0.0005576065220735272,0
444,29,0.0005576065220735272,0
471,29,0.0005576065220735272,0
901,29,0.0005576065220735272,0
899,29,0.0005576065220735272,0
774,29,0.0005576065220735272,0
232,29,0.0005576065220735272,0
548,29,0.0005576065220735272,0
247,29,0.0005576065220735272,0
1296,29,0.0005576065220735272,0
549,29,0.0005576065220735272,0
242,29,0.0005576065220735272,0
493,29,0.0005576065220735272,0
212,29,0.0005576065220735272,0
1930,29,0.0005576065220735272,0
2340,28,0.0005383787109675435,0
743,28,0.0005383787109675435,0
165,28,0.0005383787109675435,0
2938,28,0.0005383787109675435,0
1115,28,0.0005383787109675435,0
336,28,0.0005383787109675435,0
546,28,0.0005383787109675435,0
423,28,0.0005383787109675435,0
1680,28,0.0005383787109675435,0
1139,28,0.0005383787109675435,0
995,28,0.0005383787109675435,0
1176,28,0.0005383787109675435,0
479,28,0.0005383787109675435,0
2355,28,0.0005383787109675435,0
352,28,0.0005383787109675435,0
864,28,0.0005383787109675435,0
812,27,0.0005191508998615597,0
345,27,0.0005191508998615597,0
44,27,0.0005191508998615597,0
40,27,0.0005191508998615597,0
843,27,0.0005191508998615597,0
431,27,0.0005191508998615597,0
602,27,0.0005191508998615597,0
171,27,0.0005191508998615597,0
227,27,0.0005191508998615597,0
100,27,0.0005191508998615597,0
1273,27,0.0005191508998615597,0
917,27,0.0005191508998615597,0
2769,27,0.0005191508998615597,0
1529,27,0.0005191508998615597,0
1422,27,0.0005191508998615597,0
366,27,0.0005191508998615597,0
1436,27,0.0005191508998615597,0
1213,27,0.0005191508998615597,0
477,27,0.0005191508998615597,0
1017,27,0.0005191508998615597,0
1123,27,0.0005191508998615597,0
2084,27,0.0005191508998615597,0
1420,26,0.000499923088755576,0
945,26,0.000499923088755576,0
1986,26,0.000499923088755576,0
1912,26,0.000499923088755576,0
985,26,0.000499923088755576,0
570,26,0.000499923088755576,0
1071,26,0.000499923088755576,0
418,26,0.000499923088755576,0
68,26,0.000499923088755576,0
531,26,0.000499923088755576,0
385,26,0.000499923088755576,0
961,26,0.000499923088755576,0
1031,26,0.000499923088755576,0
964,26,0.000499923088755576,0
1186,26,0.000499923088755576,0
655,26,0.000499923088755576,0
1380,26,0.000499923088755576,0
1314,26,0.000499923088755576,0
807,26,0.000499923088755576,0
253,26,0.000499923088755576,0
859,26,0.000499923088755576,0
1304,26,0.000499923088755576,0
1554,26,0.000499923088755576,0
223,25,0.0004806952776495924,0
188,25,0.0004806952776495924,0
1183,25,0.0004806952776495924,0
264,25,0.0004806952776495924,0
449,25,0.0004806952776495924,0
2464,25,0.0004806952776495924,0
160,25,0.0004806952776495924,0
396,25,0.0004806952776495924,0
718,25,0.0004806952776495924,0
1260,25,0.0004806952776495924,0
684,25,0.0004806952776495924,0
215,25,0.0004806952776495924,0
769,25,0.0004806952776495924,0
1152,25,0.0004806952776495924,0
605,24,0.00046146746654360867,0
1035,24,0.00046146746654360867,0
83,24,0.00046146746654360867,0
857,24,0.00046146746654360867,0
562,24,0.00046146746654360867,0
594,24,0.00046146746654360867,0
1083,24,0.00046146746654360867,0
733,24,0.00046146746654360867,0
2633,24,0.00046146746654360867,0
994,24,0.00046146746654360867,0
1122,24,0.00046146746654360867,0
1730,24,0.00046146746654360867,0
729,24,0.00046146746654360867,0
1744,24,0.00046146746654360867,0
2244,24,0.00046146746654360867,0
2783,24,0.00046146746654360867,0
668,24,0.00046146746654360867,0
765,24,0.00046146746654360867,0
681,24,0.00046146746654360867,0
925,24,0.00046146746654360867,0
419,24,0.00046146746654360867,0
1806,24,0.00046146746654360867,0
806,24,0.00046146746654360867,0
1325,24,0.00046146746654360867,0
1508,24,0.00046146746654360867,0
1020,24,0.00046146746654360867,0
1128,24,0.00046146746654360867,0
473,24,0.00046146746654360867,0
480,24,0.00046146746654360867,0
1437,24,0.00046146746654360867,0
2016,24,0.00046146746654360867,0
2492,24,0.00046146746654360867,0
1274,24,0.00046146746654360867,0
501,24,0.00046146746654360867,0
2019,24,0.00046146746654360867,0
194,23,0.000442239655437625,0
545,23,0.000442239655437625,0
2703,23,0.000442239655437625,0
576,23,0.000442239655437625,0
181,23,0.000442239655437625,0
1383,23,0.000442239655437625,0
1292,23,0.000442239655437625,0
31,23,0.000442239655437625,0
1175,23,0.000442239655437625,0
2454,23,0.000442239655437625,0
660,23,0.000442239655437625,0
1180,23,0.000442239655437625,0
782,23,0.000442239655437625,0
1713,23,0.000442239655437625,0
378,23,0.000442239655437625,0
1289,23,0.000442239655437625,0
691,23,0.000442239655437625,0
624,23,0.000442239655437625,0
2024,23,0.000442239655437625,0
413,23,0.000442239655437625,0
708,23,0.000442239655437625,0
2790,23,0.000442239655437625,0
417,22,0.00042301184433164127,0
1,22,0.00042301184433164127,0
2342,22,0.00042301184433164127,0
1069,22,0.00042301184433164127,0
2435,22,0.00042301184433164127,0
1439,22,0.00042301184433164127,0
2044,22,0.00042301184433164127,0
1129,22,0.00042301184433164127,0
1103,22,0.00042301184433164127,0
1444,22,0.00042301184433164127,0
533,22,0.00042301184433164127,0
680,22,0.00042301184433164127,0
1135,22,0.00042301184433164127,0
1807,22,0.00042301184433164127,0
1293,22,0.00042301184433164127,0
1093,22,0.00042301184433164127,0
436,22,0.00042301184433164127,0
1438,22,0.00042301184433164127,0
245,22,0.00042301184433164127,0
2695,22,0.00042301184433164127,0
461,22,0.00042301184433164127,0
1106,22,0.00042301184433164127,0
256,22,0.00042301184433164127,0
1339,22,0.00042301184433164127,0
1100,22,0.00042301184433164127,0
792,21,0.0004037840332256576,0
836,21,0.0004037840332256576,0
1385,21,0.0004037840332256576,0
305,21,0.0004037840332256576,0
448,21,0.0004037840332256576,0
1958,21,0.0004037840332256576,0
1255,21,0.0004037840332256576,0
1672,21,0.0004037840332256576,0
2363,21,0.0004037840332256576,0
826,21,0.0004037840332256576,0
1245,21,0.0004037840332256576,0
29,21,0.0004037840332256576,0
2782,21,0.0004037840332256576,0
921,21,0.0004037840332256576,0
1426,21,0.0004037840332256576,0
1473,21,0.0004037840332256576,0
151,21,0.0004037840332256576,0
2781,21,0.0004037840332256576,0
1528,21,0.0004037840332256576,0
1516,21,0.0004037840332256576,0
1524,21,0.0004037840332256576,0
1539,21,0.0004037840332256576,0
2626,21,0.0004037840332256576,0
422,21,0.0004037840332256576,0
1275,21,0.0004037840332256576,0
2634,21,0.0004037840332256576,0
492,21,0.0004037840332256576,0
1504,21,0.0004037840332256576,0
1021,21,0.0004037840332256576,0
1350,21,0.0004037840332256576,0
1045,21,0.0004037840332256576,0
1085,21,0.0004037840332256576,0
527,21,0.0004037840332256576,0
785,21,0.0004037840332256576,0
97,21,0.0004037840332256576,0
777,21,0.0004037840332256576,0
1612,21,0.0004037840332256576,0
1602,21,0.0004037840332256576,0
43,20,0.00038455622211967387,0
618,20,0.00038455622211967387,0
1041,20,0.00038455622211967387,0
2785,20,0.00038455622211967387,0
2098,20,0.00038455622211967387,0
2784,20,0.00038455622211967387,0
574,20,0.00038455622211967387,0
2123,20,0.00038455622211967387,0
592,20,0.00038455622211967387,0
837,20,0.00038455622211967387,0
478,20,0.00038455622211967387,0
217,20,0.00038455622211967387,0
1915,20,0.00038455622211967387,0
425,20,0.00038455622211967387,0
2429,20,0.00038455622211967387,0
1294,20,0.00038455622211967387,0
2640,20,0.00038455622211967387,0
356,20,0.00038455622211967387,0
317,20,0.00038455622211967387,0
285,20,0.00038455622211967387,0
1239,20,0.00038455622211967387,0
1982,20,0.00038455622211967387,0
153,20,0.00038455622211967387,0
2902,20,0.00038455622211967387,0
778,20,0.00038455622211967387,0
2399,20,0.00038455622211967387,0
64,20,0.00038455622211967387,0
91,20,0.00038455622211967387,0
1301,20,0.00038455622211967387,0
1933,20,0.00038455622211967387,0
1423,20,0.00038455622211967387,0
595,19,0.0003653284110136902,0
210,19,0.0003653284110136902,0
544,19,0.0003653284110136902,0
823,19,0.0003653284110136902,0
1654,19,0.0003653284110136902,0
1589,19,0.0003653284110136902,0
573,19,0.0003653284110136902,0
1802,19,0.0003653284110136902,0
537,19,0.0003653284110136902,0
1080,19,0.0003653284110136902,0
1065,19,0.0003653284110136902,0
1336,19,0.0003653284110136902,0
885,19,0.0003653284110136902,0
1763,19,0.0003653284110136902,0
2285,19,0.0003653284110136902,0
1955,19,0.0003653284110136902,0
2040,19,0.0003653284110136902,0
1208,19,0.0003653284110136902,0
2788,19,0.0003653284110136902,0
697,19,0.0003653284110136902,0
453,19,0.0003653284110136902,0
244,19,0.0003653284110136902,0
1306,19,0.0003653284110136902,0
1832,19,0.0003653284110136902,0
1804,19,0.0003653284110136902,0
330,19,0.0003653284110136902,0
2966,19,0.0003653284110136902,0
1590,19,0.0003653284110136902,0
1631,19,0.0003653284110136902,0
2540,18,0.00034610059990770653,0
614,18,0.00034610059990770653,0
603,18,0.00034610059990770653,0
1154,18,0.00034610059990770653,0
757,18,0.00034610059990770653,0
865,18,0.00034610059990770653,0
265,18,0.00034610059990770653,0
871,18,0.00034610059990770653,0
1281,18,0.00034610059990770653,0
1259,18,0.00034610059990770653,0
2129,18,0.00034610059990770653,0
1059,18,0.00034610059990770653,0
1047,18,0.00034610059990770653,0
832,18,0.00034610059990770653,0
84,18,0.00034610059990770653,0
34,18,0.00034610059990770653,0
113,18,0.00034610059990770653,0
3,18,0.00034610059990770653,0
775,18,0.00034610059990770653,0
758,18,0.00034610059990770653,0
756,18,0.00034610059990770653,0
1352,18,0.00034610059990770653,0
736,18,0.00034610059990770653,0
657,18,0.00034610059990770653,0
952,18,0.00034610059990770653,0
969,18,0.00034610059990770653,0
1166,18,0.00034610059990770653,0
2284,18,0.00034610059990770653,0
1338,18,0.00034610059990770653,0
726,18,0.00034610059990770653,0
854,18,0.00034610059990770653,0
1388,18,0.00034610059990770653,0
683,18,0.00034610059990770653,0
700,18,0.00034610059990770653,0
1248,18,0.00034610059990770653,0
661,18,0.00034610059990770653,0
1419,18,0.00034610059990770653,0
1526,18,0.00034610059990770653,0
671,18,0.00034610059990770653,0
214,18,0.00034610059990770653,0
959,18,0.00034610059990770653,0
1132,18,0.00034610059990770653,0
219,18,0.00034610059990770653,0
2627,17,0.0003268727888017228,0
6,17,0.0003268727888017228,0
884,17,0.0003268727888017228,0
876,17,0.0003268727888017228,0
1803,17,0.0003268727888017228,0
1089,17,0.0003268727888017228,0
1039,17,0.0003268727888017228,0
802,17,0.0003268727888017228,0
1038,17,0.0003268727888017228,0
1667,17,0.0003268727888017228,0
784,17,0.0003268727888017228,0
2200,17,0.0003268727888017228,0
1140,17,0.0003268727888017228,0
2243,17,0.0003268727888017228,0
987,17,0.0003268727888017228,0
166,17,0.0003268727888017228,0
1024,17,0.0003268727888017228,0
850,17,0.0003268727888017228,0
744,17,0.0003268727888017228,0
868,17,0.0003268727888017228,0
1398,17,0.0003268727888017228,0
1681,17,0.0003268727888017228,0
443,17,0.0003268727888017228,0
1449,17,0.0003268727888017228,0
1441,17,0.0003268727888017228,0
481,17,0.0003268727888017228,0
2304,17,0.0003268727888017228,0
469,17,0.0003268727888017228,0
2581,17,0.0003268727888017228,0
2466,17,0.0003268727888017228,0
1506,17,0.0003268727888017228,0
1725,17,0.0003268727888017228,0
521,17,0.0003268727888017228,0
1112,17,0.0003268727888017228,0
2119,17,0.0003268727888017228,0
2561,17,0.0003268727888017228,0
1057,17,0.0003268727888017228,0
749,17,0.0003268727888017228,0
2677,17,0.0003268727888017228,0
1703,17,0.0003268727888017228,0
1469,17,0.0003268727888017228,0
139,17,0.0003268727888017228,0
1525,17,0.0003268727888017228,0
1835,17,0.0003268727888017228,0
408,17,0.0003268727888017228,0
2095,16,0.00030764497769573913,0
2060,16,0.00030764497769573913,0
989,16,0.00030764497769573913,0
1016,16,0.00030764497769573913,0
2197,16,0.00030764497769573913,0
642,16,0.00030764497769573913,0
981,16,0.00030764497769573913,0
1010,16,0.00030764497769573913,0
1036,16,0.00030764497769573913,0
2132,16,0.00030764497769573913,0
811,16,0.00030764497769573913,0
1637,16,0.00030764497769573913,0
96,16,0.00030764497769573913,0
1579,16,0.00030764497769573913,0
803,16,0.00030764497769573913,0
121,16,0.00030764497769573913,0
1601,16,0.00030764497769573913,0
1099,16,0.00030764497769573913,0
1502,16,0.00030764497769573913,0
2414,16,0.00030764497769573913,0
615,16,0.00030764497769573913,0
2126,16,0.00030764497769573913,0
578,16,0.00030764497769573913,0
161,16,0.00030764497769573913,0
2556,16,0.00030764497769573913,0
437,16,0.00030764497769573913,0
439,16,0.00030764497769573913,0
441,16,0.00030764497769573913,0
1251,16,0.00030764497769573913,0
686,16,0.00030764497769573913,0
740,16,0.00030764497769573913,0
1572,16,0.00030764497769573913,0
1200,16,0.00030764497769573913,0
1207,16,0.00030764497769573913,0
2576,16,0.00030764497769573913,0
654,16,0.00030764497769573913,0
957,16,0.00030764497769573913,0
928,16,0.00030764497769573913,0
1956,16,0.00030764497769573913,0
1957,16,0.00030764497769573913,0
1440,16,0.00030764497769573913,0
1342,16,0.00030764497769573913,0
856,16,0.00030764497769573913,0
159,16,0.00030764497769573913,0
878,16,0.00030764497769573913,0
877,16,0.00030764497769573913,0
2345,16,0.00030764497769573913,0
2431,16,0.00030764497769573913,0
888,16,0.00030764497769573913,0
1347,16,0.00030764497769573913,0
1841,16,0.00030764497769573913,0
1369,16,0.00030764497769573913,0
1394,16,0.00030764497769573913,0
1391,16,0.00030764497769573913,0
753,16,0.00030764497769573913,0
99,16,0.00030764497769573913,0
70,15,0.0002884171665897554,0
2105,15,0.0002884171665897554,0
867,15,0.0002884171665897554,0
851,15,0.0002884171665897554,0
866,15,0.0002884171665897554,0
760,15,0.0002884171665897554,0
1511,15,0.0002884171665897554,0
1731,15,0.0002884171665897554,0
1496,15,0.0002884171665897554,0
1721,15,0.0002884171665897554,0
721,15,0.0002884171665897554,0
1464,15,0.0002884171665897554,0
741,15,0.0002884171665897554,0
1480,15,0.0002884171665897554,0
1421,15,0.0002884171665897554,0
211,15,0.0002884171665897554,0
829,15,0.0002884171665897554,0
998,15,0.0002884171665897554,0
840,15,0.0002884171665897554,0
498,15,0.0002884171665897554,0
1147,15,0.0002884171665897554,0
483,15,0.0002884171665897554,0
1620,15,0.0002884171665897554,0
1630,15,0.0002884171665897554,0
1184,15,0.0002884171665897554,0
2175,15,0.0002884171665897554,0
1373,15,0.0002884171665897554,0
1032,15,0.0002884171665897554,0
2659,15,0.0002884171665897554,0
676,15,0.0002884171665897554,0
2208,15,0.0002884171665897554,0
2216,15,0.0002884171665897554,0
604,15,0.0002884171665897554,0
2260,15,0.0002884171665897554,0
966,15,0.0002884171665897554,0
653,15,0.0002884171665897554,0
1448,15,0.0002884171665897554,0
1450,15,0.0002884171665897554,0
1797,15,0.0002884171665897554,0
907,15,0.0002884171665897554,0
703,15,0.0002884171665897554,0
1889,15,0.0002884171665897554,0
360,15,0.0002884171665897554,0
1799,15,0.0002884171665897554,0
1263,15,0.0002884171665897554,0
2606,15,0.0002884171665897554,0
407,15,0.0002884171665897554,0
1310,15,0.0002884171665897554,0
398,15,0.0002884171665897554,0
2124,15,0.0002884171665897554,0
2128,15,0.0002884171665897554,0
1072,15,0.0002884171665897554,0
1252,15,0.0002884171665897554,0
2333,15,0.0002884171665897554,0
415,15,0.0002884171665897554,0
906,15,0.0002884171665897554,0
887,15,0.0002884171665897554,0
1519,15,0.0002884171665897554,0
1571,15,0.0002884171665897554,0
1548,15,0.0002884171665897554,0
839,15,0.0002884171665897554,0
1665,14,0.00026918935548377173,0
1622,14,0.00026918935548377173,0
462,14,0.00026918935548377173,0
2039,14,0.00026918935548377173,0
620,14,0.00026918935548377173,0
1659,14,0.00026918935548377173,0
1549,14,0.00026918935548377173,0
1537,14,0.00026918935548377173,0
834,14,0.00026918935548377173,0
1328,14,0.00026918935548377173,0
1323,14,0.00026918935548377173,0
579,14,0.00026918935548377173,0
1811,14,0.00026918935548377173,0
2647,14,0.00026918935548377173,0
2559,14,0.00026918935548377173,0
1809,14,0.00026918935548377173,0
880,14,0.00026918935548377173,0
442,14,0.00026918935548377173,0
1215,14,0.00026918935548377173,0
860,14,0.00026918935548377173,0
870,14,0.00026918935548377173,0
855,14,0.00026918935548377173,0
502,14,0.00026918935548377173,0
2776,14,0.00026918935548377173,0
1430,14,0.00026918935548377173,0
1714,14,0.00026918935548377173,0
1452,14,0.00026918935548377173,0
2335,14,0.00026918935548377173,0
27,14,0.00026918935548377173,0
2388,14,0.00026918935548377173,0
1221,14,0.00026918935548377173,0
1214,14,0.00026918935548377173,0
2939,14,0.00026918935548377173,0
2818,14,0.00026918935548377173,0
808,14,0.00026918935548377173,0
535,14,0.00026918935548377173,0
2106,14,0.00026918935548377173,0
638,14,0.00026918935548377173,0
1833,14,0.00026918935548377173,0
625,14,0.00026918935548377173,0
1379,14,0.00026918935548377173,0
1081,14,0.00026918935548377173,0
1268,14,0.00026918935548377173,0
1284,14,0.00026918935548377173,0
2258,14,0.00026918935548377173,0
250,14,0.00026918935548377173,0
252,14,0.00026918935548377173,0
1313,14,0.00026918935548377173,0
393,14,0.00026918935548377173,0
1427,14,0.00026918935548377173,0
1428,14,0.00026918935548377173,0
361,14,0.00026918935548377173,0
1315,14,0.00026918935548377173,0
1282,14,0.00026918935548377173,0
1929,14,0.00026918935548377173,0
2444,14,0.00026918935548377173,0
611,14,0.00026918935548377173,0
889,14,0.00026918935548377173,0
2862,13,0.000249961544377788,0
51,13,0.000249961544377788,0
1765,13,0.000249961544377788,0
1431,13,0.000249961544377788,0
2341,13,0.000249961544377788,0
1468,13,0.000249961544377788,0
873,13,0.000249961544377788,0
1104,13,0.000249961544377788,0
715,13,0.000249961544377788,0
764,13,0.000249961544377788,0
1974,13,0.000249961544377788,0
1199,13,0.000249961544377788,0
2866,13,0.000249961544377788,0
1105,13,0.000249961544377788,0
550,13,0.000249961544377788,0
554,13,0.000249961544377788,0
539,13,0.000249961544377788,0
1230,13,0.000249961544377788,0
2931,13,0.000249961544377788,0
111,13,0.000249961544377788,0
2889,13,0.000249961544377788,0
555,13,0.000249961544377788,0
2117,13,0.000249961544377788,0
1253,13,0.000249961544377788,0
1229,13,0.000249961544377788,0
934,13,0.000249961544377788,0
1443,13,0.000249961544377788,0
1037,13,0.000249961544377788,0
362,13,0.000249961544377788,0
350,13,0.000249961544377788,0
1959,13,0.000249961544377788,0
2114,13,0.000249961544377788,0
1308,13,0.000249961544377788,0
1910,13,0.000249961544377788,0
2241,13,0.000249961544377788,0
262,13,0.000249961544377788,0
908,13,0.000249961544377788,0
2300,13,0.000249961544377788,0
937,13,0.000249961544377788,0
1790,13,0.000249961544377788,0
1429,13,0.000249961544377788,0
2188,13,0.000249961544377788,0
2224,13,0.000249961544377788,0
1324,13,0.000249961544377788,0
1026,13,0.000249961544377788,0
571,13,0.000249961544377788,0
2173,13,0.000249961544377788,0
307,13,0.000249961544377788,0
2217,13,0.000249961544377788,0
2158,13,0.000249961544377788,0
2809,13,0.000249961544377788,0
1599,13,0.000249961544377788,0
1603,13,0.000249961544377788,0
635,13,0.000249961544377788,0
273,13,0.000249961544377788,0
117,13,0.000249961544377788,0
2034,13,0.000249961544377788,0
2052,13,0.000249961544377788,0
470,13,0.000249961544377788,0
2049,13,0.000249961544377788,0
2869,13,0.000249961544377788,0
157,13,0.000249961544377788,0
1573,13,0.000249961544377788,0
799,13,0.000249961544377788,0
796,13,0.000249961544377788,0
830,13,0.000249961544377788,0
1557,12,0.00023073373327180433,0
2416,12,0.00023073373327180433,0
2415,12,0.00023073373327180433,0
820,12,0.00023073373327180433,0
795,12,0.00023073373327180433,0
827,12,0.00023073373327180433,0
781,12,0.00023073373327180433,0
1541,12,0.00023073373327180433,0
1648,12,0.00023073373327180433,0
2494,12,0.00023073373327180433,0
1608,12,0.00023073373327180433,0
2570,12,0.00023073373327180433,0
482,12,0.00023073373327180433,0
2013,12,0.00023073373327180433,0
1161,12,0.00023073373327180433,0
2523,12,0.00023073373327180433,0
2165,12,0.00023073373327180433,0
2168,12,0.00023073373327180433,0
1018,12,0.00023073373327180433,0
2172,12,0.00023073373327180433,0
1009,12,0.00023073373327180433,0
2481,12,0.00023073373327180433,0
1029,12,0.00023073373327180433,0
1329,12,0.00023073373327180433,0
1858,12,0.00023073373327180433,0
274,12,0.00023073373327180433,0
1362,12,0.00023073373327180433,0
608,12,0.00023073373327180433,0
1834,12,0.00023073373327180433,0
2203,12,0.00023073373327180433,0
2495,12,0.00023073373327180433,0
1326,12,0.00023073373327180433,0
1771,12,0.00023073373327180433,0
2692,12,0.00023073373327180433,0
1787,12,0.00023073373327180433,0
1052,12,0.00023073373327180433,0
2641,12,0.00023073373327180433,0
1043,12,0.00023073373327180433,0
1053,12,0.00023073373327180433,0
2650,12,0.00023073373327180433,0
1317,12,0.00023073373327180433,0
2116,12,0.00023073373327180433,0
2541,12,0.00023073373327180433,0
2562,12,0.00023073373327180433,0
2553,12,0.00023073373327180433,0
1264,12,0.00023073373327180433,0
932,12,0.00023073373327180433,0
1425,12,0.00023073373327180433,0
275,12,0.00023073373327180433,0
881,12,0.00023073373327180433,0
1445,12,0.00023073373327180433,0
701,12,0.00023073373327180433,0
705,12,0.00023073373327180433,0
1798,12,0.00023073373327180433,0
258,12,0.00023073373327180433,0
2249,12,0.00023073373327180433,0
2455,12,0.00023073373327180433,0
659,12,0.00023073373327180433,0
662,12,0.00023073373327180433,0
2242,12,0.00023073373327180433,0
2716,12,0.00023073373327180433,0
566,12,0.00023073373327180433,0
581,12,0.00023073373327180433,0
432,12,0.00023073373327180433,0
504,12,0.00023073373327180433,0
2731,12,0.00023073373327180433,0
1225,12,0.00023073373327180433,0
168,12,0.00023073373327180433,0
1195,12,0.00023073373327180433,0
2546,12,0.00023073373327180433,0
50,12,0.00023073373327180433,0
2940,12,0.00023073373327180433,0
2959,12,0.00023073373327180433,0
18,12,0.00023073373327180433,0
2905,12,0.00023073373327180433,0
1645,12,0.00023073373327180433,0
134,12,0.00023073373327180433,0
1144,12,0.00023073373327180433,0
463,12,0.00023073373327180433,0
229,12,0.00023073373327180433,0
1472,12,0.00023073373327180433,0
152,12,0.00023073373327180433,0
1424,12,0.00023073373327180433,0
2791,12,0.00023073373327180433,0
751,12,0.00023073373327180433,0
754,12,0.00023073373327180433,0
724,12,0.00023073373327180433,0
2802,12,0.00023073373327180433,0
747,12,0.00023073373327180433,0
2741,12,0.00023073373327180433,0
2433,12,0.00023073373327180433,0
904,12,0.00023073373327180433,0
713,12,0.00023073373327180433,0
1951,12,0.00023073373327180433,0
1446,12,0.00023073373327180433,0
560,12,0.00023073373327180433,0
1087,12,0.00023073373327180433,0
1070,12,0.00023073373327180433,0
1082,12,0.00023073373327180433,0
381,12,0.00023073373327180433,0
367,12,0.00023073373327180433,0
2199,11,0.00021150592216582064,0
647,11,0.00021150592216582064,0
1831,11,0.00021150592216582064,0
984,11,0.00021150592216582064,0
2681,11,0.00021150592216582064,0
1364,11,0.00021150592216582064,0
1836,11,0.00021150592216582064,0
1356,11,0.00021150592216582064,0
606,11,0.00021150592216582064,0
627,11,0.00021150592216582064,0
1695,11,0.00021150592216582064,0
1520,11,0.00021150592216582064,0
1515,11,0.00021150592216582064,0
794,11,0.00021150592216582064,0
2365,11,0.00021150592216582064,0
1555,11,0.00021150592216582064,0
2422,11,0.00021150592216582064,0
2555,11,0.00021150592216582064,0
506,11,0.00021150592216582064,0
1536,11,0.00021150592216582064,0
1179,11,0.00021150592216582064,0
2015,11,0.00021150592216582064,0
1640,11,0.00021150592216582064,0
1593,11,0.00021150592216582064,0
2861,11,0.00021150592216582064,0
1819,11,0.00021150592216582064,0
346,11,0.00021150592216582064,0
342,11,0.00021150592216582064,0
1034,11,0.00021150592216582064,0
2533,11,0.00021150592216582064,0
1361,11,0.00021150592216582064,0
557,11,0.00021150592216582064,0
1090,11,0.00021150592216582064,0
1076,11,0.00021150592216582064,0
1791,11,0.00021150592216582064,0
2161,11,0.00021150592216582064,0
1783,11,0.00021150592216582064,0
2554,11,0.00021150592216582064,0
1922,11,0.00021150592216582064,0
1318,11,0.00021150592216582064,0
1305,11,0.00021150592216582064,0
2642,11,0.00021150592216582064,0
2297,11,0.00021150592216582064,0
1390,11,0.00021150592216582064,0
656,11,0.00021150592216582064,0
947,11,0.00021150592216582064,0
2729,11,0.00021150592216582064,0
2722,11,0.00021150592216582064,0
956,11,0.00021150592216582064,0
1418,11,0.00021150592216582064,0
1400,11,0.00021150592216582064,0
1808,11,0.00021150592216582064,0
1822,11,0.00021150592216582064,0
1800,11,0.00021150592216582064,0
1404,11,0.00021150592216582064,0
689,11,0.00021150592216582064,0
679,11,0.00021150592216582064,0
696,11,0.00021150592216582064,0
853,11,0.00021150592216582064,0
2344,11,0.00021150592216582064,0
872,11,0.00021150592216582064,0
1432,11,0.00021150592216582064,0
230,11,0.00021150592216582064,0
1755,11,0.00021150592216582064,0
1949,11,0.00021150592216582064,0
561,11,0.00021150592216582064,0
2320,11,0.00021150592216582064,0
1236,11,0.00021150592216582064,0
613,11,0.00021150592216582064,0
719,11,0.00021150592216582064,0
221,11,0.00021150592216582064,0
222,11,0.00021150592216582064,0
224,11,0.00021150592216582064,0
226,11,0.00021150592216582064,0
438,11,0.00021150592216582064,0
1210,11,0.00021150592216582064,0
1975,11,0.00021150592216582064,0
402,11,0.00021150592216582064,0
534,11,0.00021150592216582064,0
164,11,0.00021150592216582064,0
510,11,0.00021150592216582064,0
499,11,0.00021150592216582064,0
1487,11,0.00021150592216582064,0
135,11,0.00021150592216582064,0
1133,11,0.00021150592216582064,0
1137,11,0.00021150592216582064,0
129,11,0.00021150592216582064,0
2820,11,0.00021150592216582064,0
2816,11,0.00021150592216582064,0
2914,11,0.00021150592216582064,0
2379,10,0.00019227811105983694,0
33,10,0.00019227811105983694,0
5,10,0.00019227811105983694,0
57,10,0.00019227811105983694,0
2904,10,0.00019227811105983694,0
2885,10,0.00019227811105983694,0
2915,10,0.00019227811105983694,-1
32,10,0.00019227811105983694,0
30,10,0.00019227811105983694,0
2942,10,0.00019227811105983694,-1
2944,10,0.00019227811105983694,0
1371,10,0.00019227811105983694,0
2174,10,0.00019227811105983694,-1
601,10,0.00019227811105983694,0
303,10,0.00019227811105983694,-1
1000,10,0.00019227811105983694,0
2187,10,0.00019227811105983694,-1
1376,10,0.00019227811105983694,0
1366,10,0.00019227811105983694,0
1830,10,0.00019227811105983694,-1
296,10,0.00019227811105983694,-1
288,10,0.00019227811105983694,0
621,10,0.00019227811105983694,0
2461,10,0.00019227811105983694,-1
1812,10,0.00019227811105983694,0
1810,10,0.00019227811105983694,0
2479,10,0.00019227811105983694,0
1728,10,0.00019227811105983694,-1
2799,10,0.00019227811105983694,0
2800,10,0.00019227811105983694,0
1977,10,0.00019227811105983694,-1
451,10,0.00019227811105983694,0
1218,10,0.00019227811105983694,-1
1206,10,0.00019227811105983694,-1
532,10,0.00019227811105983694,-1
1124,10,0.00019227811105983694,-1
1130,10,0.00019227811105983694,0
1196,10,0.00019227811105983694,-1
1197,10,0.00019227811105983694,-1
2573,10,0.00019227811105983694,0
2575,10,0.00019227811105983694,-1
487,10,0.00019227811105983694,-1
475,10,0.00019227811105983694,-1
2051,10,0.00019227811105983694,-1
2329,10,0.00019227811105983694,0
2317,10,0.00019227811105983694,0
220,10,0.00019227811105983694,0
1258,10,0.00019227811105983694,-1
509,10,0.00019227811105983694,0
365,10,0.00019227811105983694,0
370,10,0.00019227811105983694,-1
416,10,0.00019227811105983694,0
2589,10,0.00019227811105983694,-1
1492,10,0.00019227811105983694,-1
1745,10,0.00019227811105983694,-1
893,10,0.00019227811105983694,0
670,10,0.00019227811105983694,0
329,10,0.00019227811105983694,-1
1006,10,0.00019227811105983694,-1
2179,10,0.00019227811105983694,-1
1332,10,0.00019227811105983694,-1
1333,10,0.00019227811105983694,-1
1863,10,0.00019227811105983694,0
1297,10,0.00019227811105983694,0
318,10,0.00019227811105983694,-1
301,10,0.00019227811105983694,0
1051,10,0.00019227811105983694,-1
1877,10,0.00019227811105983694,-1
348,10,0.00019227811105983694,0
2526,10,0.00019227811105983694,-1
2149,10,0.00019227811105983694,-1
2152,10,0.00019227811105983694,-1
2140,10,0.00019227811105983694,0
2530,10,0.00019227811105983694,-1
2162,10,0.00019227811105983694,0
1066,10,0.00019227811105983694,-1
943,10,0.00019227811105983694,-1
704,10,0.00019227811105983694,-1
693,10,0.00019227811105983694,-1
694,10,0.00019227811105983694,-1
695,10,0.00019227811105983694,-1
936,10,0.00019227811105983694,0
926,10,0.00019227811105983694,-1
1779,10,0.00019227811105983694,0
1780,10,0.00019227811105983694,0
399,10,0.00019227811105983694,0
1287,10,0.00019227811105983694,-1
558,10,0.00019227811105983694,-1
1092,10,0.00019227811105983694,-1
2548,10,0.00019227811105983694,-1
2623,10,0.00019227811105983694,-1
2624,10,0.00019227811105983694,-1
2615,10,0.00019227811105983694,0
392,10,0.00019227811105983694,-1
1269,10,0.00019227811105983694,-1
2543,10,0.00019227811105983694,-1
910,10,0.00019227811105983694,0
2288,10,0.00019227811105983694,0
2276,10,0.00019227811105983694,0
216,10,0.00019227811105983694,0
1451,10,0.00019227811105983694,0
918,10,0.00019227811105983694,0
1636,10,0.00019227811105983694,-1
2810,10,0.00019227811105983694,-1
2865,10,0.00019227811105983694,0
1607,10,0.00019227811105983694,0
1621,10,0.00019227811105983694,-1
1181,10,0.00019227811105983694,-1
1178,10,0.00019227811105983694,-1
1169,10,0.00019227811105983694,-1
1587,10,0.00019227811105983694,-1
1592,10,0.00019227811105983694,0
1635,10,0.00019227811105983694,-1
2356,10,0.00019227811105983694,-1
2348,10,0.00019227811105983694,-1
1578,10,0.00019227811105983694,0
800,10,0.00019227811105983694,-1
790,10,0.00019227811105983694,-1
831,10,0.00019227811105983694,-1
2819,10,0.00019227811105983694,0
1566,10,0.00019227811105983694,0
1570,10,0.00019227811105983694,0
1671,10,0.00019227811105983694,-1
1666,10,0.00019227811105983694,-1
1651,10,0.00019227811105983694,-1
1653,10,0.00019227811105983694,0
496,10,0.00019227811105983694,0
2078,10,0.00019227811105983694,0
2074,10,0.00019227811105983694,0
2789,10,0.00019227811105983694,-1
1712,10,0.00019227811105983694,-1
1156,10,0.00019227811105983694,-1
1158,10,0.00019227811105983694,-1
725,10,0.00019227811105983694,0
1698,10,0.00019227811105983694,-1
2925,9,0.00017305029995385326,-1
1675,9,0.00017305029995385326,-1
1682,9,0.00017305029995385326,-1
1574,9,0.00017305029995385326,-1
809,9,0.00017305029995385326,-1
797,9,0.00017305029995385326,-1
1542,9,0.00017305029995385326,-1
1544,9,0.00017305029995385326,-1
1546,9,0.00017305029995385326,-1
1521,9,0.00017305029995385326,-1
1694,9,0.00017305029995385326,-1
846,9,0.00017305029995385326,-1
848,9,0.00017305029995385326,-1
2339,9,0.00017305029995385326,-1
2354,9,0.00017305029995385326,-1
863,9,0.00017305029995385326,-1
844,9,0.00017305029995385326,-1
2066,9,0.00017305029995385326,-1
1148,9,0.00017305029995385326,-1
1149,9,0.00017305029995385326,-1
505,9,0.00017305029995385326,-1
495,9,0.00017305029995385326,-1
2569,9,0.00017305029995385326,-1
2808,9,0.00017305029995385326,-1
783,9,0.00017305029995385326,-1
828,9,0.00017305029995385326,-1
1171,9,0.00017305029995385326,-1
1632,9,0.00017305029995385326,-1
1634,9,0.00017305029995385326,-1
1605,9,0.00017305029995385326,-1
1606,9,0.00017305029995385326,-1
2427,9,0.00017305029995385326,-1
1433,9,0.00017305029995385326,-1
1475,9,0.00017305029995385326,-1
1479,9,0.00017305029995385326,-1
1482,9,0.00017305029995385326,-1
914,9,0.00017305029995385326,-1
2306,9,0.00017305029995385326,-1
2290,9,0.00017305029995385326,-1
1908,9,0.00017305029995385326,-1
2620,9,0.00017305029995385326,-1
1267,9,0.00017305029995385326,-1
1919,9,0.00017305029995385326,-1
395,9,0.00017305029995385326,-1
1277,9,0.00017305029995385326,-1
1084,9,0.00017305029995385326,-1
2234,9,0.00017305029995385326,-1
997,9,0.00017305029995385326,-1
2727,9,0.00017305029995385326,-1
2728,9,0.00017305029995385326,-1
2712,9,0.00017305029995385326,-1
2714,9,0.00017305029995385326,-1
941,9,0.00017305029995385326,-1
1050,9,0.00017305029995385326,-1
2145,9,0.00017305029995385326,-1
1054,9,0.00017305029995385326,-1
1885,9,0.00017305029995385326,-1
2524,9,0.00017305029995385326,-1
2525,9,0.00017305029995385326,-1
1909,9,0.00017305029995385326,-1
1316,9,0.00017305029995385326,-1
1302,9,0.00017305029995385326,-1
1303,9,0.00017305029995385326,-1
1023,9,0.00017305029995385326,-1
1335,9,0.00017305029995385326,-1
1864,9,0.00017305029995385326,-1
1847,9,0.00017305029995385326,-1
1870,9,0.00017305029995385326,-1
1873,9,0.00017305029995385326,-1
1874,9,0.00017305029995385326,-1
1353,9,0.00017305029995385326,-1
1354,9,0.00017305029995385326,-1
1343,9,0.00017305029995385326,-1
1331,9,0.00017305029995385326,-1
582,9,0.00017305029995385326,-1
584,9,0.00017305029995385326,-1
567,9,0.00017305029995385326,-1
2632,9,0.00017305029995385326,-1
1796,9,0.00017305029995385326,-1
682,9,0.00017305029995385326,-1
2467,9,0.00017305029995385326,-1
1512,9,0.00017305029995385326,-1
1514,9,0.00017305029995385326,-1
1491,9,0.00017305029995385326,-1
2770,9,0.00017305029995385326,-1
905,9,0.00017305029995385326,-1
894,9,0.00017305029995385326,-1
2443,9,0.00017305029995385326,-1
699,9,0.00017305029995385326,-1
404,9,0.00017305029995385326,-1
1962,9,0.00017305029995385326,-1
1932,9,0.00017305029995385326,-1
522,9,0.00017305029995385326,-1
503,9,0.00017305029995385326,-1
2600,9,0.00017305029995385326,-1
2602,9,0.00017305029995385326,-1
1108,9,0.00017305029995385326,-1
2089,9,0.00017305029995385326,-1
2346,9,0.00017305029995385326,-1
2315,9,0.00017305029995385326,-1
1453,9,0.00017305029995385326,-1
2585,9,0.00017305029995385326,-1
476,9,0.00017305029995385326,-1
2057,9,0.00017305029995385326,-1
446,9,0.00017305029995385326,-1
541,9,0.00017305029995385326,-1
523,9,0.00017305029995385326,-1
1988,9,0.00017305029995385326,-1
458,9,0.00017305029995385326,-1
1995,9,0.00017305029995385326,-1
1222,9,0.00017305029995385326,-1
1150,9,0.00017305029995385326,-1
1134,9,0.00017305029995385326,-1
466,9,0.00017305029995385326,-1
1724,9,0.00017305029995385326,-1
1507,9,0.00017305029995385326,-1
1824,9,0.00017305029995385326,-1
1403,9,0.00017305029995385326,-1
1399,9,0.00017305029995385326,-1
1402,9,0.00017305029995385326,-1
278,9,0.00017305029995385326,-1
650,9,0.00017305029995385326,-1
639,9,0.00017305029995385326,-1
2500,9,0.00017305029995385326,-1
2504,9,0.00017305029995385326,-1
1360,9,0.00017305029995385326,-1
2646,9,0.00017305029995385326,-1
1837,9,0.00017305029995385326,-1
1838,9,0.00017305029995385326,-1
1384,9,0.00017305029995385326,-1
598,9,0.00017305029995385326,-1
82,9,0.00017305029995385326,-1
26,9,0.00017305029995385326,-1
2918,9,0.00017305029995385326,-1
1617,9,0.00017305029995385326,-1
2967,9,0.00017305029995385326,-1
2390,8,0.00015382248884786957,-1
2392,8,0.00015382248884786957,-1
2381,8,0.00015382248884786957,-1
2384,8,0.00015382248884786957,-1
2385,8,0.00015382248884786957,-1
2867,8,0.00015382248884786957,-1
1650,8,0.00015382248884786957,-1
1641,8,0.00015382248884786957,-1
1629,8,0.00015382248884786957,-1
1619,8,0.00015382248884786957,-1
1623,8,0.00015382248884786957,-1
1165,8,0.00015382248884786957,-1
786,8,0.00015382248884786957,-1
841,8,0.00015382248884786957,-1
824,8,0.00015382248884786957,-1
815,8,0.00015382248884786957,-1
816,8,0.00015382248884786957,-1
2357,8,0.00015382248884786957,-1
2351,8,0.00015382248884786957,-1
1575,8,0.00015382248884786957,-1
1674,8,0.00015382248884786957,-1
1660,8,0.00015382248884786957,-1
1656,8,0.00015382248884786957,-1
122,8,0.00015382248884786957,-1
2855,8,0.00015382248884786957,-1
2831,8,0.00015382248884786957,-1
2922,8,0.00015382248884786957,-1
2171,8,0.00015382248884786957,-1
2170,8,0.00015382248884786957,-1
616,8,0.00015382248884786957,-1
609,8,0.00015382248884786957,-1
2651,8,0.00015382248884786957,-1
1386,8,0.00015382248884786957,-1
1375,8,0.00015382248884786957,-1
1378,8,0.00015382248884786957,-1
1367,8,0.00015382248884786957,-1
1357,8,0.00015382248884786957,-1
1829,8,0.00015382248884786957,-1
2682,8,0.00015382248884786957,-1
2670,8,0.00015382248884786957,-1
993,8,0.00015382248884786957,-1
983,8,0.00015382248884786957,-1
977,8,0.00015382248884786957,-1
646,8,0.00015382248884786957,-1
2502,8,0.00015382248884786957,-1
2493,8,0.00015382248884786957,-1
2496,8,0.00015382248884786957,-1
2485,8,0.00015382248884786957,-1
2671,8,0.00015382248884786957,-1
281,8,0.00015382248884786957,-1
1820,8,0.00015382248884786957,-1
1825,8,0.00015382248884786957,-1
1813,8,0.00015382248884786957,-1
669,8,0.00015382248884786957,-1
665,8,0.00015382248884786957,-1
2451,8,0.00015382248884786957,-1
575,8,0.00015382248884786957,-1
341,8,0.00015382248884786957,-1
333,8,0.00015382248884786957,-1
1880,8,0.00015382248884786957,-1
1348,8,0.00015382248884786957,-1
1845,8,0.00015382248884786957,-1
1022,8,0.00015382248884786957,-1
2183,8,0.00015382248884786957,-1
2185,8,0.00015382248884786957,-1
382,8,0.00015382248884786957,-1
1309,8,0.00015382248884786957,-1
1312,8,0.00015382248884786957,-1
1876,8,0.00015382248884786957,-1
2638,8,0.00015382248884786957,-1
2528,8,0.00015382248884786957,-1
2519,8,0.00015382248884786957,-1
1048,8,0.00015382248884786957,-1
2148,8,0.00015382248884786957,-1
2154,8,0.00015382248884786957,-1
529,8,0.00015382248884786957,-1
2266,8,0.00015382248884786957,-1
968,8,0.00015382248884786957,-1
955,8,0.00015382248884786957,-1
942,8,0.00015382248884786957,-1
2250,8,0.00015382248884786957,-1
2230,8,0.00015382248884786957,-1
2233,8,0.00015382248884786957,-1
2705,8,0.00015382248884786957,-1
1788,8,0.00015382248884786957,-1
1792,8,0.00015382248884786957,-1
1784,8,0.00015382248884786957,-1
1786,8,0.00015382248884786957,-1
1772,8,0.00015382248884786957,-1
1447,8,0.00015382248884786957,-1
933,8,0.00015382248884786957,-1
935,8,0.00015382248884786957,-1
1079,8,0.00015382248884786957,-1
2122,8,0.00015382248884786957,-1
2107,8,0.00015382248884786957,-1
2099,8,0.00015382248884786957,-1
400,8,0.00015382248884786957,-1
1286,8,0.00015382248884786957,-1
1276,8,0.00015382248884786957,-1
1280,8,0.00015382248884786957,-1
1265,8,0.00015382248884786957,-1
1266,8,0.00015382248884786957,-1
1924,8,0.00015382248884786957,-1
1920,8,0.00015382248884786957,-1
2604,8,0.00015382248884786957,-1
379,8,0.00015382248884786957,-1
2278,8,0.00015382248884786957,-1
2279,8,0.00015382248884786957,-1
1476,8,0.00015382248884786957,-1
1466,8,0.00015382248884786957,-1
1764,8,0.00015382248884786957,-1
720,8,0.00015382248884786957,-1
2436,8,0.00015382248884786957,-1
2437,8,0.00015382248884786957,-1
2332,8,0.00015382248884786957,-1
2337,8,0.00015382248884786957,-1
2325,8,0.00015382248884786957,-1
2316,8,0.00015382248884786957,-1
1107,8,0.00015382248884786957,-1
1110,8,0.00015382248884786957,-1
1113,8,0.00015382248884786957,-1
1102,8,0.00015382248884786957,-1
2087,8,0.00015382248884786957,-1
2088,8,0.00015382248884786957,-1
428,8,0.00015382248884786957,-1
2599,8,0.00015382248884786957,-1
2588,8,0.00015382248884786957,-1
1246,8,0.00015382248884786957,-1
1247,8,0.00015382248884786957,-1
1231,8,0.00015382248884786957,-1
1940,8,0.00015382248884786957,-1
1934,8,0.00015382248884786957,-1
363,8,0.00015382248884786957,-1
411,8,0.00015382248884786957,-1
569,8,0.00015382248884786957,-1
2318,8,0.00015382248884786957,-1
897,8,0.00015382248884786957,-1
875,8,0.00015382248884786957,-1
2764,8,0.00015382248884786957,-1
180,8,0.00015382248884786957,-1
182,8,0.00015382248884786957,-1
1757,8,0.00015382248884786957,-1
1750,8,0.00015382248884786957,-1
1740,8,0.00015382248884786957,-1
1746,8,0.00015382248884786957,-1
1503,8,0.00015382248884786957,-1
1493,8,0.00015382248884786957,-1
1483,8,0.00015382248884786957,-1
1736,8,0.00015382248884786957,-1
1738,8,0.00015382248884786957,-1
776,8,0.00015382248884786957,-1
1146,8,0.00015382248884786957,-1
1131,8,0.00015382248884786957,-1
1194,8,0.00015382248884786957,-1
2005,8,0.00015382248884786957,-1
2006,8,0.00015382248884786957,-1
1220,8,0.00015382248884786957,-1
1223,8,0.00015382248884786957,-1
1217,8,0.00015382248884786957,-1
1204,8,0.00015382248884786957,-1
1990,8,0.00015382248884786957,-1
456,8,0.00015382248884786957,-1
551,8,0.00015382248884786957,-1
2101,8,0.00015382248884786957,-1
2058,8,0.00015382248884786957,-1
2045,8,0.00015382248884786957,-1
2027,8,0.00015382248884786957,-1
2032,8,0.00015382248884786957,-1
2003,8,0.00015382248884786957,-1
2004,8,0.00015382248884786957,-1
2584,8,0.00015382248884786957,-1
459,8,0.00015382248884786957,-1
2566,8,0.00015382248884786957,-1
2061,8,0.00015382248884786957,-1
2063,8,0.00015382248884786957,-1
2064,8,0.00015382248884786957,-1
1162,8,0.00015382248884786957,-1
762,8,0.00015382248884786957,-1
748,8,0.00015382248884786957,-1
2405,8,0.00015382248884786957,-1
2395,8,0.00015382248884786957,-1
869,8,0.00015382248884786957,-1
155,8,0.00015382248884786957,-1
1540,8,0.00015382248884786957,-1
1538,8,0.00015382248884786957,-1
1523,8,0.00015382248884786957,-1
1699,8,0.00015382248884786957,-1
1697,8,0.00015382248884786957,-1
1677,8,0.00015382248884786957,-1
2927,8,0.00015382248884786957,-1
2924,8,0.00015382248884786957,-1
2941,8,0.00015382248884786957,-1
2957,8,0.00015382248884786957,-1
2881,8,0.00015382248884786957,-1
2883,8,0.00015382248884786957,-1
2898,8,0.00015382248884786957,-1
2899,8,0.00015382248884786957,-1
1581,7,0.00013459467774188587,-1
2929,7,0.00013459467774188587,-1
2968,7,0.00013459467774188587,-1
16,7,0.00013459467774188587,-1
65,7,0.00013459467774188587,-1
1594,7,0.00013459467774188587,-1
49,7,0.00013459467774188587,-1
1585,7,0.00013459467774188587,-1
123,7,0.00013459467774188587,-1
2884,7,0.00013459467774188587,-1
112,7,0.00013459467774188587,-1
1627,7,0.00013459467774188587,-1
1073,7,0.00013459467774188587,-1
2104,7,0.00013459467774188587,-1
2111,7,0.00013459467774188587,-1
7,7,0.00013459467774188587,-1
2921,7,0.00013459467774188587,-1
1626,7,0.00013459467774188587,-1
999,7,0.00013459467774188587,-1
2949,7,0.00013459467774188587,-1
2934,7,0.00013459467774188587,-1
42,7,0.00013459467774188587,-1
2923,7,0.00013459467774188587,-1
2195,7,0.00013459467774188587,-1
2220,7,0.00013459467774188587,-1
2222,7,0.00013459467774188587,-1
979,7,0.00013459467774188587,-1
988,7,0.00013459467774188587,-1
991,7,0.00013459467774188587,-1
1531,7,0.00013459467774188587,-1
141,7,0.00013459467774188587,-1
158,7,0.00013459467774188587,-1
2786,7,0.00013459467774188587,-1
1709,7,0.00013459467774188587,-1
1710,7,0.00013459467774188587,-1
1718,7,0.00013459467774188587,-1
1527,7,0.00013459467774188587,-1
1530,7,0.00013459467774188587,-1
1188,7,0.00013459467774188587,-1
1704,7,0.00013459467774188587,-1
1517,7,0.00013459467774188587,-1
1518,7,0.00013459467774188587,-1
1691,7,0.00013459467774188587,-1
193,7,0.00013459467774188587,-1
196,7,0.00013459467774188587,-1
1190,7,0.00013459467774188587,-1
1136,7,0.00013459467774188587,-1
1187,7,0.00013459467774188587,-1
1499,7,0.00013459467774188587,-1
2740,7,0.00013459467774188587,-1
249,7,0.00013459467774188587,-1
2726,7,0.00013459467774188587,-1
1513,7,0.00013459467774188587,-1
1737,7,0.00013459467774188587,-1
1488,7,0.00013459467774188587,-1
1722,7,0.00013459467774188587,-1
2710,7,0.00013459467774188587,-1
2837,7,0.00013459467774188587,-1
2822,7,0.00013459467774188587,-1
2825,7,0.00013459467774188587,-1
2813,7,0.00013459467774188587,-1
1012,7,0.00013459467774188587,-1
2218,7,0.00013459467774188587,-1
973,7,0.00013459467774188587,-1
975,7,0.00013459467774188587,-1
2194,7,0.00013459467774188587,-1
2196,7,0.00013459467774188587,-1
2190,7,0.00013459467774188587,-1
2191,7,0.00013459467774188587,-1
2238,7,0.00013459467774188587,-1
2181,7,0.00013459467774188587,-1
2065,7,0.00013459467774188587,-1
2254,7,0.00013459467774188587,-1
2256,7,0.00013459467774188587,-1
949,7,0.00013459467774188587,-1
2239,7,0.00013459467774188587,-1
2246,7,0.00013459467774188587,-1
2247,7,0.00013459467774188587,-1
2228,7,0.00013459467774188587,-1
2231,7,0.00013459467774188587,-1
2030,7,0.00013459467774188587,-1
2033,7,0.00013459467774188587,-1
2038,7,0.00013459467774188587,-1
2025,7,0.00013459467774188587,-1
2008,7,0.00013459467774188587,-1
2017,7,0.00013459467774188587,-1
2265,7,0.00013459467774188587,-1
1254,7,0.00013459467774188587,-1
1235,7,0.00013459467774188587,-1
1237,7,0.00013459467774188587,-1
1242,7,0.00013459467774188587,-1
1458,7,0.00013459467774188587,-1
309,7,0.00013459467774188587,-1
2662,7,0.00013459467774188587,-1
2645,7,0.00013459467774188587,-1
2652,7,0.00013459467774188587,-1
2654,7,0.00013459467774188587,-1
1462,7,0.00013459467774188587,-1
1460,7,0.00013459467774188587,-1
2724,7,0.00013459467774188587,-1
218,7,0.00013459467774188587,-1
187,7,0.00013459467774188587,-1
2745,7,0.00013459467774188587,-1
1991,7,0.00013459467774188587,-1
2302,7,0.00013459467774188587,-1
2270,7,0.00013459467774188587,-1
2267,7,0.00013459467774188587,-1
1205,7,0.00013459467774188587,-1
1987,7,0.00013459467774188587,-1
2343,7,0.00013459467774188587,-1
1994,7,0.00013459467774188587,-1
1198,7,0.00013459467774188587,-1
1984,7,0.00013459467774188587,-1
967,7,0.00013459467774188587,-1
896,7,0.00013459467774188587,-1
2358,7,0.00013459467774188587,-1
2364,7,0.00013459467774188587,-1
2331,7,0.00013459467774188587,-1
2334,7,0.00013459467774188587,-1
1389,7,0.00013459467774188587,-1
2595,7,0.00013459467774188587,-1
2578,7,0.00013459467774188587,-1
2590,7,0.00013459467774188587,-1
1405,7,0.00013459467774188587,-1
1411,7,0.00013459467774188587,-1
2685,7,0.00013459467774188587,-1
1397,7,0.00013459467774188587,-1
2653,7,0.00013459467774188587,-1
2698,7,0.00013459467774188587,-1
2690,7,0.00013459467774188587,-1
916,7,0.00013459467774188587,-1
2319,7,0.00013459467774188587,-1
2324,7,0.00013459467774188587,-1
2326,7,0.00013459467774188587,-1
882,7,0.00013459467774188587,-1
892,7,0.00013459467774188587,-1
927,7,0.00013459467774188587,-1
2314,7,0.00013459467774188587,-1
912,7,0.00013459467774188587,-1
913,7,0.00013459467774188587,-1
2383,7,0.00013459467774188587,-1
2311,7,0.00013459467774188587,-1
2312,7,0.00013459467774188587,-1
2313,7,0.00013459467774188587,-1
1970,7,0.00013459467774188587,-1
1971,7,0.00013459467774188587,-1
1892,7,0.00013459467774188587,-1
1897,7,0.00013459467774188587,-1
1879,7,0.00013459467774188587,-1
801,7,0.00013459467774188587,-1
805,7,0.00013459467774188587,-1
2537,7,0.00013459467774188587,-1
2538,7,0.00013459467774188587,-1
1839,7,0.00013459467774188587,-1
1827,7,0.00013459467774188587,-1
368,7,0.00013459467774188587,-1
1358,7,0.00013459467774188587,-1
1416,7,0.00013459467774188587,-1
1815,7,0.00013459467774188587,-1
1816,7,0.00013459467774188587,-1
2631,7,0.00013459467774188587,-1
340,7,0.00013459467774188587,-1
355,7,0.00013459467774188587,-1
2622,7,0.00013459467774188587,-1
410,7,0.00013459467774188587,-1
414,7,0.00013459467774188587,-1
1927,7,0.00013459467774188587,-1
2386,7,0.00013459467774188587,-1
838,7,0.00013459467774188587,-1
1918,7,0.00013459467774188587,-1
2371,7,0.00013459467774188587,-1
1938,7,0.00013459467774188587,-1
1928,7,0.00013459467774188587,-1
1262,7,0.00013459467774188587,-1
1270,7,0.00013459467774188587,-1
1907,7,0.00013459467774188587,-1
1911,7,0.00013459467774188587,-1
1913,7,0.00013459467774188587,-1
1917,7,0.00013459467774188587,-1
714,7,0.00013459467774188587,-1
722,7,0.00013459467774188587,-1
2420,7,0.00013459467774188587,-1
2426,7,0.00013459467774188587,-1
1862,7,0.00013459467774188587,-1
2478,7,0.00013459467774188587,-1
2480,7,0.00013459467774188587,-1
2474,7,0.00013459467774188587,-1
687,7,0.00013459467774188587,-1
1337,7,0.00013459467774188587,-1
1345,7,0.00013459467774188587,-1
1861,7,0.00013459467774188587,-1
1865,7,0.00013459467774188587,-1
1327,7,0.00013459467774188587,-1
1855,7,0.00013459467774188587,-1
460,7,0.00013459467774188587,-1
468,7,0.00013459467774188587,-1
538,7,0.00013459467774188587,-1
542,7,0.00013459467774188587,-1
768,7,0.00013459467774188587,-1
750,7,0.00013459467774188587,-1
755,7,0.00013459467774188587,-1
2402,7,0.00013459467774188587,-1
2387,7,0.00013459467774188587,-1
1903,7,0.00013459467774188587,-1
1300,7,0.00013459467774188587,-1
1320,7,0.00013459467774188587,-1
2489,7,0.00013459467774188587,-1
2490,7,0.00013459467774188587,-1
2475,7,0.00013459467774188587,-1
128,7,0.00013459467774188587,-1
2851,7,0.00013459467774188587,-1
1678,7,0.00013459467774188587,-1
1561,7,0.00013459467774188587,-1
2833,7,0.00013459467774188587,-1
4,7,0.00013459467774188587,-1
2133,7,0.00013459467774188587,-1
1075,7,0.00013459467774188587,-1
1086,7,0.00013459467774188587,-1
1167,7,0.00013459467774188587,-1
2167,7,0.00013459467774188587,-1
2130,7,0.00013459467774188587,-1
1040,7,0.00013459467774188587,-1
1042,7,0.00013459467774188587,-1
1598,7,0.00013459467774188587,-1
2096,7,0.00013459467774188587,-1
1111,7,0.00013459467774188587,-1
1117,7,0.00013459467774188587,-1
2068,7,0.00013459467774188587,-1
1098,7,0.00013459467774188587,-1
2873,7,0.00013459467774188587,-1
1652,7,0.00013459467774188587,-1
1582,6,0.00011536686663590217,-1
2874,6,0.00011536686663590217,-1
2875,6,0.00011536686663590217,-1
2876,6,0.00011536686663590217,-1
2877,6,0.00011536686663590217,-1
1649,6,0.00011536686663590217,-1
1657,6,0.00011536686663590217,-1
1120,6,0.00011536686663590217,-1
2071,6,0.00011536686663590217,-1
1056,6,0.00011536686663590217,-1
2138,6,0.00011536686663590217,-1
2141,6,0.00011536686663590217,-1
2142,6,0.00011536686663590217,-1
261,6,0.00011536686663590217,-1
237,6,0.00011536686663590217,-1
2720,6,0.00011536686663590217,-1
2723,6,0.00011536686663590217,-1
1049,6,0.00011536686663590217,-1
1191,6,0.00011536686663590217,-1
1141,6,0.00011536686663590217,-1
1142,6,0.00011536686663590217,-1
1732,6,0.00011536686663590217,-1
2715,6,0.00011536686663590217,-1
1510,6,0.00011536686663590217,-1
1739,6,0.00011536686663590217,-1
1742,6,0.00011536686663590217,-1
1743,6,0.00011536686663590217,-1
1494,6,0.00011536686663590217,-1
257,6,0.00011536686663590217,-1
2211,6,0.00011536686663590217,-1
2794,6,0.00011536686663590217,-1
2821,6,0.00011536686663590217,-1
2823,6,0.00011536686663590217,-1
2806,6,0.00011536686663590217,-1
2796,6,0.00011536686663590217,-1
1485,6,0.00011536686663590217,-1
1720,6,0.00011536686663590217,-1
2059,6,0.00011536686663590217,-1
2067,6,0.00011536686663590217,-1
2198,6,0.00011536686663590217,-1
1014,6,0.00011536686663590217,-1
2189,6,0.00011536686663590217,-1
2193,6,0.00011536686663590217,-1
971,6,0.00011536686663590217,-1
2209,6,0.00011536686663590217,-1
1854,6,0.00011536686663590217,-1
2445,6,0.00011536686663590217,-1
2450,6,0.00011536686663590217,-1
1867,6,0.00011536686663590217,-1
1868,6,0.00011536686663590217,-1
1340,6,0.00011536686663590217,-1
1857,6,0.00011536686663590217,-1
2472,6,0.00011536686663590217,-1
2417,6,0.00011536686663590217,-1
2410,6,0.00011536686663590217,-1
2532,6,0.00011536686663590217,-1
467,6,0.00011536686663590217,-1
2565,6,0.00011536686663590217,-1
2539,6,0.00011536686663590217,-1
563,6,0.00011536686663590217,-1
1853,6,0.00011536686663590217,-1
1322,6,0.00011536686663590217,-1
2403,6,0.00011536686663590217,-1
2393,6,0.00011536686663590217,-1
1900,6,0.00011536686663590217,-1
1902,6,0.00011536686663590217,-1
1904,6,0.00011536686663590217,-1
2412,6,0.00011536686663590217,-1
2413,6,0.00011536686663590217,-1
673,6,0.00011536686663590217,-1
674,6,0.00011536686663590217,-1
2477,6,0.00011536686663590217,-1
1905,6,0.00011536686663590217,-1
1906,6,0.00011536686663590217,-1
1311,6,0.00011536686663590217,-1
1319,6,0.00011536686663590217,-1
1321,6,0.00011536686663590217,-1
1382,6,0.00011536686663590217,-1
1842,6,0.00011536686663590217,-1
1844,6,0.00011536686663590217,-1
1374,6,0.00011536686663590217,-1
1818,6,0.00011536686663590217,-1
1828,6,0.00011536686663590217,-1
565,6,0.00011536686663590217,-1
568,6,0.00011536686663590217,-1
819,6,0.00011536686663590217,-1
2367,6,0.00011536686663590217,-1
2601,6,0.00011536686663590217,-1
2621,6,0.00011536686663590217,-1
1414,6,0.00011536686663590217,-1
1805,6,0.00011536686663590217,-1
645,6,0.00011536686663590217,-1
2509,6,0.00011536686663590217,-1
1945,6,0.00011536686663590217,-1
1271,6,0.00011536686663590217,-1
1278,6,0.00011536686663590217,-1
1285,6,0.00011536686663590217,-1
1923,6,0.00011536686663590217,-1
821,6,0.00011536686663590217,-1
791,6,0.00011536686663590217,-1
817,6,0.00011536686663590217,-1
658,6,0.00011536686663590217,-1
2465,6,0.00011536686663590217,-1
2468,6,0.00011536686663590217,-1
767,6,0.00011536686663590217,-1
688,6,0.00011536686663590217,-1
2438,6,0.00011536686663590217,-1
2425,6,0.00011536686663590217,-1
2432,6,0.00011536686663590217,-1
2577,6,0.00011536686663590217,-1
519,6,0.00011536686663590217,-1
2582,6,0.00011536686663590217,-1
2591,6,0.00011536686663590217,-1
1401,6,0.00011536686663590217,-1
435,6,0.00011536686663590217,-1
440,6,0.00011536686663590217,-1
445,6,0.00011536686663590217,-1
2701,6,0.00011536686663590217,-1
2707,6,0.00011536686663590217,-1
2689,6,0.00011536686663590217,-1
1781,6,0.00011536686663590217,-1
1789,6,0.00011536686663590217,-1
1794,6,0.00011536686663590217,-1
1478,6,0.00011536686663590217,-1
1481,6,0.00011536686663590217,-1
1244,6,0.00011536686663590217,-1
931,6,0.00011536686663590217,-1
879,6,0.00011536686663590217,-1
909,6,0.00011536686663590217,-1
2321,6,0.00011536686663590217,-1
2322,6,0.00011536686663590217,-1
2718,6,0.00011536686663590217,-1
2700,6,0.00011536686663590217,-1
2536,6,0.00011536686663590217,-1
599,6,0.00011536686663590217,-1
607,6,0.00011536686663590217,-1
2369,6,0.00011536686663590217,-1
1894,6,0.00011536686663590217,-1
1881,6,0.00011536686663590217,-1
1968,6,0.00011536686663590217,-1
1973,6,0.00011536686663590217,-1
1459,6,0.00011536686663590217,-1
1762,6,0.00011536686663590217,-1
1748,6,0.00011536686663590217,-1
1753,6,0.00011536686663590217,-1
1754,6,0.00011536686663590217,-1
1758,6,0.00011536686663590217,-1
358,6,0.00011536686663590217,-1
1467,6,0.00011536686663590217,-1
2287,6,0.00011536686663590217,-1
2275,6,0.00011536686663590217,-1
2263,6,0.00011536686663590217,-1
2754,6,0.00011536686663590217,-1
2755,6,0.00011536686663590217,-1
2759,6,0.00011536686663590217,-1
2760,6,0.00011536686663590217,-1
2746,6,0.00011536686663590217,-1
1985,6,0.00011536686663590217,-1
2251,6,0.00011536686663590217,-1
1997,6,0.00011536686663590217,-1
1209,6,0.00011536686663590217,-1
1216,6,0.00011536686663590217,-1
1989,6,0.00011536686663590217,-1
2299,6,0.00011536686663590217,-1
2286,6,0.00011536686663590217,-1
405,6,0.00011536686663590217,-1
2593,6,0.00011536686663590217,-1
2596,6,0.00011536686663590217,-1
2361,6,0.00011536686663590217,-1
847,6,0.00011536686663590217,-1
849,6,0.00011536686663590217,-1
1201,6,0.00011536686663590217,-1
1979,6,0.00011536686663590217,-1
2252,6,0.00011536686663590217,-1
940,6,0.00011536686663590217,-1
953,6,0.00011536686663590217,-1
954,6,0.00011536686663590217,-1
2177,6,0.00011536686663590217,-1
2180,6,0.00011536686663590217,-1
1143,6,0.00011536686663590217,-1
1157,6,0.00011536686663590217,-1
2237,6,0.00011536686663590217,-1
2043,6,0.00011536686663590217,-1
2048,6,0.00011536686663590217,-1
2050,6,0.00011536686663590217,-1
2036,6,0.00011536686663590217,-1
2245,6,0.00011536686663590217,-1
2227,6,0.00011536686663590217,-1
2235,6,0.00011536686663590217,-1
1232,6,0.00011536686663590217,-1
1241,6,0.00011536686663590217,-1
1960,6,0.00011536686663590217,-1
2026,6,0.00011536686663590217,-1
2028,6,0.00011536686663590217,-1
2009,6,0.00011536686663590217,-1
1002,6,0.00011536686663590217,-1
2236,6,0.00011536686663590217,-1
1470,6,0.00011536686663590217,-1
1454,6,0.00011536686663590217,-1
1455,6,0.00011536686663590217,-1
1456,6,0.00011536686663590217,-1
2672,6,0.00011536686663590217,-1
302,6,0.00011536686663590217,-1
272,6,0.00011536686663590217,-1
1256,6,0.00011536686663590217,-1
2882,6,0.00011536686663590217,-1
1586,6,0.00011536686663590217,-1
1588,6,0.00011536686663590217,-1
60,6,0.00011536686663590217,-1
1595,6,0.00011536686663590217,-1
1638,6,0.00011536686663590217,-1
2892,6,0.00011536686663590217,-1
1126,6,0.00011536686663590217,-1
2916,6,0.00011536686663590217,-1
2896,6,0.00011536686663590217,-1
2903,6,0.00011536686663590217,-1
1624,6,0.00011536686663590217,-1
1067,6,0.00011536686663590217,-1
2103,6,0.00011536686663590217,-1
2964,6,0.00011536686663590217,-1
2871,6,0.00011536686663590217,-1
2793,6,0.00011536686663590217,-1
2221,6,0.00011536686663590217,-1
992,6,0.00011536686663590217,-1
2933,6,0.00011536686663590217,-1
2935,6,0.00011536686663590217,-1
24,6,0.00011536686663590217,-1
1609,6,0.00011536686663590217,-1
10,6,0.00011536686663590217,-1
1182,6,0.00011536686663590217,-1
1687,6,0.00011536686663590217,-1
2765,6,0.00011536686663590217,-1
2773,6,0.00011536686663590217,-1
1717,6,0.00011536686663590217,-1
2803,6,0.00011536686663590217,-1
145,6,0.00011536686663590217,-1
2778,6,0.00011536686663590217,-1
102,6,0.00011536686663590217,-1
131,6,0.00011536686663590217,-1
133,6,0.00011536686663590217,-1
138,6,0.00011536686663590217,-1
2872,6,0.00011536686663590217,-1
2469,6,0.00011536686663590217,-1
633,6,0.00011536686663590217,-1
2487,6,0.00011536686663590217,-1
2835,6,0.00011536686663590217,-1
2847,6,0.00011536686663590217,-1
2852,6,0.00011536686663590217,-1
2854,6,0.00011536686663590217,-1
1576,6,0.00011536686663590217,-1
1679,6,0.00011536686663590217,-1
1685,6,0.00011536686663590217,-1
98,6,0.00011536686663590217,-1
1077,6,0.00011536686663590217,-1
2120,6,0.00011536686663590217,-1
2121,6,0.00011536686663590217,-1
1560,6,0.00011536686663590217,-1
1558,6,0.00011536686663590217,-1
1662,6,0.00011536686663590217,-1
1664,6,0.00011536686663590217,-1
2834,6,0.00011536686663590217,-1
2094,6,0.00011536686663590217,-1
1164,6,0.00011536686663590217,-1
2156,6,0.00011536686663590217,-1
2164,6,0.00011536686663590217,-1
1044,6,0.00011536686663590217,-1
1046,6,0.00011536686663590217,-1
2131,6,0.00011536686663590217,-1
2134,6,0.00011536686663590217,-1
2907,5,9.613905552991847e-05,-1
2975,5,9.613905552991847e-05,-1
2901,5,9.613905552991847e-05,-1
2928,5,9.613905552991847e-05,-1
1618,5,9.613905552991847e-05,-1
2919,5,9.613905552991847e-05,-1
2912,5,9.613905552991847e-05,-1
2911,5,9.613905552991847e-05,-1
53,5,9.613905552991847e-05,-1
58,5,9.613905552991847e-05,-1
59,5,9.613905552991847e-05,-1
1727,5,9.613905552991847e-05,-1
2696,5,9.613905552991847e-05,-1
2699,5,9.613905552991847e-05,-1
2702,5,9.613905552991847e-05,-1
2708,5,9.613905552991847e-05,-1
2891,5,9.613905552991847e-05,-1
1495,5,9.613905552991847e-05,-1
2711,5,9.613905552991847e-05,-1
2713,5,9.613905552991847e-05,-1
1747,5,9.613905552991847e-05,-1
1729,5,9.613905552991847e-05,-1
1489,5,9.613905552991847e-05,-1
1490,5,9.613905552991847e-05,-1
2055,5,9.613905552991847e-05,-1
1163,5,9.613905552991847e-05,-1
1168,5,9.613905552991847e-05,-1
1170,5,9.613905552991847e-05,-1
1173,5,9.613905552991847e-05,-1
2112,5,9.613905552991847e-05,-1
2118,5,9.613905552991847e-05,-1
1074,5,9.613905552991847e-05,-1
1091,5,9.613905552991847e-05,-1
1094,5,9.613905552991847e-05,-1
2077,5,9.613905552991847e-05,-1
2079,5,9.613905552991847e-05,-1
2080,5,9.613905552991847e-05,-1
2082,5,9.613905552991847e-05,-1
1097,5,9.613905552991847e-05,-1
2127,5,9.613905552991847e-05,-1
2072,5,9.613905552991847e-05,-1
2086,5,9.613905552991847e-05,-1
1116,5,9.613905552991847e-05,-1
1118,5,9.613905552991847e-05,-1
1119,5,9.613905552991847e-05,-1
2075,5,9.613905552991847e-05,-1
2076,5,9.613905552991847e-05,-1
2213,5,9.613905552991847e-05,-1
1007,5,9.613905552991847e-05,-1
1013,5,9.613905552991847e-05,-1
1025,5,9.613905552991847e-05,-1
2169,5,9.613905552991847e-05,-1
2204,5,9.613905552991847e-05,-1
2205,5,9.613905552991847e-05,-1
2206,5,9.613905552991847e-05,-1
2210,5,9.613905552991847e-05,-1
2150,5,9.613905552991847e-05,-1
2153,5,9.613905552991847e-05,-1
2092,5,9.613905552991847e-05,-1
2137,5,9.613905552991847e-05,-1
2155,5,9.613905552991847e-05,-1
2157,5,9.613905552991847e-05,-1
2160,5,9.613905552991847e-05,-1
2166,5,9.613905552991847e-05,-1
2143,5,9.613905552991847e-05,-1
2144,5,9.613905552991847e-05,-1
2660,5,9.613905552991847e-05,-1
2664,5,9.613905552991847e-05,-1
1497,5,9.613905552991847e-05,-1
1498,5,9.613905552991847e-05,-1
1505,5,9.613905552991847e-05,-1
320,5,9.613905552991847e-05,-1
276,5,9.613905552991847e-05,-1
2655,5,9.613905552991847e-05,-1
2656,5,9.613905552991847e-05,-1
2657,5,9.613905552991847e-05,-1
2668,5,9.613905552991847e-05,-1
2669,5,9.613905552991847e-05,-1
2676,5,9.613905552991847e-05,-1
308,5,9.613905552991847e-05,-1
248,5,9.613905552991847e-05,-1
2686,5,9.613905552991847e-05,-1
2687,5,9.613905552991847e-05,-1
2688,5,9.613905552991847e-05,-1
2691,5,9.613905552991847e-05,-1
2021,5,9.613905552991847e-05,-1
2022,5,9.613905552991847e-05,-1
1001,5,9.613905552991847e-05,-1
2219,5,9.613905552991847e-05,-1
2225,5,9.613905552991847e-05,-1
2053,5,9.613905552991847e-05,-1
2014,5,9.613905552991847e-05,-1
2018,5,9.613905552991847e-05,-1
1192,5,9.613905552991847e-05,-1
1193,5,9.613905552991847e-05,-1
1145,5,9.613905552991847e-05,-1
2035,5,9.613905552991847e-05,-1
2037,5,9.613905552991847e-05,-1
2041,5,9.613905552991847e-05,-1
2184,5,9.613905552991847e-05,-1
1003,5,9.613905552991847e-05,-1
2721,5,9.613905552991847e-05,-1
235,5,9.613905552991847e-05,-1
246,5,9.613905552991847e-05,-1
2747,5,9.613905552991847e-05,-1
255,5,9.613905552991847e-05,-1
259,5,9.613905552991847e-05,-1
2732,5,9.613905552991847e-05,-1
2757,5,9.613905552991847e-05,-1
2737,5,9.613905552991847e-05,-1
1752,5,9.613905552991847e-05,-1
331,5,9.613905552991847e-05,-1
339,5,9.613905552991847e-05,-1
344,5,9.613905552991847e-05,-1
2749,5,9.613905552991847e-05,-1
2751,5,9.613905552991847e-05,-1
2845,5,9.613905552991847e-05,-1
1661,5,9.613905552991847e-05,-1
1663,5,9.613905552991847e-05,-1
1668,5,9.613905552991847e-05,-1
1670,5,9.613905552991847e-05,-1
1676,5,9.613905552991847e-05,-1
1552,5,9.613905552991847e-05,-1
1559,5,9.613905552991847e-05,-1
990,5,9.613905552991847e-05,-1
1564,5,9.613905552991847e-05,-1
1568,5,9.613905552991847e-05,-1
1569,5,9.613905552991847e-05,-1
2010,5,9.613905552991847e-05,-1
2012,5,9.613905552991847e-05,-1
2215,5,9.613905552991847e-05,-1
972,5,9.613905552991847e-05,-1
974,5,9.613905552991847e-05,-1
976,5,9.613905552991847e-05,-1
978,5,9.613905552991847e-05,-1
1767,5,9.613905552991847e-05,-1
1768,5,9.613905552991847e-05,-1
1769,5,9.613905552991847e-05,-1
2637,5,9.613905552991847e-05,-1
1749,5,9.613905552991847e-05,-1
1463,5,9.613905552991847e-05,-1
1465,5,9.613905552991847e-05,-1
1471,5,9.613905552991847e-05,-1
1474,5,9.613905552991847e-05,-1
1759,5,9.613905552991847e-05,-1
1760,5,9.613905552991847e-05,-1
1766,5,9.613905552991847e-05,-1
1409,5,9.613905552991847e-05,-1
2579,5,9.613905552991847e-05,-1
2594,5,9.613905552991847e-05,-1
2603,5,9.613905552991847e-05,-1
2605,5,9.613905552991847e-05,-1
457,5,9.613905552991847e-05,-1
406,5,9.613905552991847e-05,-1
2229,5,9.613905552991847e-05,-1
2232,5,9.613905552991847e-05,-1
2240,5,9.613905552991847e-05,-1
939,5,9.613905552991847e-05,-1
962,5,9.613905552991847e-05,-1
1952,5,9.613905552991847e-05,-1
1953,5,9.613905552991847e-05,-1
2253,5,9.613905552991847e-05,-1
2257,5,9.613905552991847e-05,-1
1978,5,9.613905552991847e-05,-1
1980,5,9.613905552991847e-05,-1
1202,5,9.613905552991847e-05,-1
1203,5,9.613905552991847e-05,-1
1212,5,9.613905552991847e-05,-1
1219,5,9.613905552991847e-05,-1
2836,5,9.613905552991847e-05,-1
2838,5,9.613905552991847e-05,-1
2840,5,9.613905552991847e-05,-1
2001,5,9.613905552991847e-05,-1
2002,5,9.613905552991847e-05,-1
2323,5,9.613905552991847e-05,-1
2328,5,9.613905552991847e-05,-1
922,5,9.613905552991847e-05,-1
2262,5,9.613905552991847e-05,-1
2268,5,9.613905552991847e-05,-1
2271,5,9.613905552991847e-05,-1
2272,5,9.613905552991847e-05,-1
2274,5,9.613905552991847e-05,-1
890,5,9.613905552991847e-05,-1
895,5,9.613905552991847e-05,-1
1947,5,9.613905552991847e-05,-1
2281,5,9.613905552991847e-05,-1
2289,5,9.613905552991847e-05,-1
2293,5,9.613905552991847e-05,-1
2261,5,9.613905552991847e-05,-1
1961,5,9.613905552991847e-05,-1
1228,5,9.613905552991847e-05,-1
1233,5,9.613905552991847e-05,-1
2298,5,9.613905552991847e-05,-1
2301,5,9.613905552991847e-05,-1
2303,5,9.613905552991847e-05,-1
2611,5,9.613905552991847e-05,-1
2612,5,9.613905552991847e-05,-1
2616,5,9.613905552991847e-05,-1
369,5,9.613905552991847e-05,-1
494,5,9.613905552991847e-05,-1
507,5,9.613905552991847e-05,-1
508,5,9.613905552991847e-05,-1
1785,5,9.613905552991847e-05,-1
489,5,9.613905552991847e-05,-1
2572,5,9.613905552991847e-05,-1
1477,5,9.613905552991847e-05,-1
1442,5,9.613905552991847e-05,-1
1396,5,9.613905552991847e-05,-1
1406,5,9.613905552991847e-05,-1
1408,5,9.613905552991847e-05,-1
1776,5,9.613905552991847e-05,-1
1778,5,9.613905552991847e-05,-1
1782,5,9.613905552991847e-05,-1
1926,5,9.613905552991847e-05,-1
1261,5,9.613905552991847e-05,-1
2352,5,9.613905552991847e-05,-1
1969,5,9.613905552991847e-05,-1
1937,5,9.613905552991847e-05,-1
1941,5,9.613905552991847e-05,-1
1942,5,9.613905552991847e-05,-1
1943,5,9.613905552991847e-05,-1
1925,5,9.613905552991847e-05,-1
911,5,9.613905552991847e-05,-1
915,5,9.613905552991847e-05,-1
1249,5,9.613905552991847e-05,-1
1250,5,9.613905552991847e-05,-1
1257,5,9.613905552991847e-05,-1
1963,5,9.613905552991847e-05,-1
1967,5,9.613905552991847e-05,-1
930,5,9.613905552991847e-05,-1
938,5,9.613905552991847e-05,-1
883,5,9.613905552991847e-05,-1
886,5,9.613905552991847e-05,-1
1972,5,9.613905552991847e-05,-1
2308,5,9.613905552991847e-05,-1
2787,5,9.613905552991847e-05,-1
140,5,9.613905552991847e-05,-1
142,5,9.613905552991847e-05,-1
167,5,9.613905552991847e-05,-1
2771,5,9.613905552991847e-05,-1
2829,5,9.613905552991847e-05,-1
2797,5,9.613905552991847e-05,-1
2798,5,9.613905552991847e-05,-1
2805,5,9.613905552991847e-05,-1
2807,5,9.613905552991847e-05,-1
2811,5,9.613905552991847e-05,-1
874,5,9.613905552991847e-05,-1
2349,5,9.613905552991847e-05,-1
2815,5,9.613905552991847e-05,-1
2826,5,9.613905552991847e-05,-1
2827,5,9.613905552991847e-05,-1
2828,5,9.613905552991847e-05,-1
2359,5,9.613905552991847e-05,-1
2360,5,9.613905552991847e-05,-1
2362,5,9.613905552991847e-05,-1
2330,5,9.613905552991847e-05,-1
2338,5,9.613905552991847e-05,-1
852,5,9.613905552991847e-05,-1
172,5,9.613905552991847e-05,-1
190,5,9.613905552991847e-05,-1
1801,5,9.613905552991847e-05,-1
1387,5,9.613905552991847e-05,-1
1395,5,9.613905552991847e-05,-1
1688,5,9.613905552991847e-05,-1
1692,5,9.613905552991847e-05,-1
1693,5,9.613905552991847e-05,-1
233,5,9.613905552991847e-05,-1
1705,5,9.613905552991847e-05,-1
1522,5,9.613905552991847e-05,-1
1533,5,9.613905552991847e-05,-1
195,5,9.613905552991847e-05,-1
2763,5,9.613905552991847e-05,-1
2766,5,9.613905552991847e-05,-1
600,5,9.613905552991847e-05,-1
1535,5,9.613905552991847e-05,-1
1707,5,9.613905552991847e-05,-1
1711,5,9.613905552991847e-05,-1
1701,5,9.613905552991847e-05,-1
2368,5,9.613905552991847e-05,-1
2372,5,9.613905552991847e-05,-1
2373,5,9.613905552991847e-05,-1
2375,5,9.613905552991847e-05,-1
2376,5,9.613905552991847e-05,-1
2377,5,9.613905552991847e-05,-1
1887,5,9.613905552991847e-05,-1
2378,5,9.613905552991847e-05,-1
787,5,9.613905552991847e-05,-1
793,5,9.613905552991847e-05,-1
798,5,9.613905552991847e-05,-1
1893,5,9.613905552991847e-05,-1
1898,5,9.613905552991847e-05,-1
810,5,9.613905552991847e-05,-1
2382,5,9.613905552991847e-05,-1
2772,5,9.613905552991847e-05,-1
2774,5,9.613905552991847e-05,-1
2777,5,9.613905552991847e-05,-1
2780,5,9.613905552991847e-05,-1
1891,5,9.613905552991847e-05,-1
2397,5,9.613905552991847e-05,-1
1872,5,9.613905552991847e-05,-1
1875,5,9.613905552991847e-05,-1
2457,5,9.613905552991847e-05,-1
2408,5,9.613905552991847e-05,-1
1899,5,9.613905552991847e-05,-1
1901,5,9.613905552991847e-05,-1
2391,5,9.613905552991847e-05,-1
2418,5,9.613905552991847e-05,-1
2421,5,9.613905552991847e-05,-1
2423,5,9.613905552991847e-05,-1
2400,5,9.613905552991847e-05,-1
2401,5,9.613905552991847e-05,-1
2404,5,9.613905552991847e-05,-1
2440,5,9.613905552991847e-05,-1
2442,5,9.613905552991847e-05,-1
766,5,9.613905552991847e-05,-1
770,5,9.613905552991847e-05,-1
556,5,9.613905552991847e-05,-1
2535,5,9.613905552991847e-05,-1
596,5,9.613905552991847e-05,-1
553,5,9.613905552991847e-05,-1
2545,5,9.613905552991847e-05,-1
2547,5,9.613905552991847e-05,-1
2550,5,9.613905552991847e-05,-1
2513,5,9.613905552991847e-05,-1
2515,5,9.613905552991847e-05,-1
2518,5,9.613905552991847e-05,-1
2520,5,9.613905552991847e-05,-1
1415,5,9.613905552991847e-05,-1
2508,5,9.613905552991847e-05,-1
2510,5,9.613905552991847e-05,-1
637,5,9.613905552991847e-05,-1
641,5,9.613905552991847e-05,-1
648,5,9.613905552991847e-05,-1
649,5,9.613905552991847e-05,-1
2497,5,9.613905552991847e-05,-1
2498,5,9.613905552991847e-05,-1
2499,5,9.613905552991847e-05,-1
732,5,9.613905552991847e-05,-1
739,5,9.613905552991847e-05,-1
2447,5,9.613905552991847e-05,-1
2448,5,9.613905552991847e-05,-1
629,5,9.613905552991847e-05,-1
1346,5,9.613905552991847e-05,-1
2453,5,9.613905552991847e-05,-1
2456,5,9.613905552991847e-05,-1
1850,5,9.613905552991847e-05,-1
1851,5,9.613905552991847e-05,-1
1852,5,9.613905552991847e-05,-1
2458,5,9.613905552991847e-05,-1
1866,5,9.613905552991847e-05,-1
1334,5,9.613905552991847e-05,-1
1341,5,9.613905552991847e-05,-1
1826,5,9.613905552991847e-05,-1
1359,5,9.613905552991847e-05,-1
1365,5,9.613905552991847e-05,-1
1370,5,9.613905552991847e-05,-1
2517,5,9.613905552991847e-05,-1
1840,5,9.613905552991847e-05,-1
1848,5,9.613905552991847e-05,-1
2521,5,9.613905552991847e-05,-1
1821,5,9.613905552991847e-05,-1
1823,5,9.613905552991847e-05,-1
2491,5,9.613905552991847e-05,-1
2470,5,9.613905552991847e-05,-1
651,5,9.613905552991847e-05,-1
667,5,9.613905552991847e-05,-1
1372,5,9.613905552991847e-05,-1
2506,5,9.613905552991847e-05,-1
626,5,9.613905552991847e-05,-1
675,5,9.613905552991847e-05,-1
2484,5,9.613905552991847e-05,-1
9,5,9.613905552991847e-05,-1
2960,5,9.613905552991847e-05,-1
2962,5,9.613905552991847e-05,-1
2908,5,9.613905552991847e-05,-1
2910,5,9.613905552991847e-05,-1
2102,5,9.613905552991847e-05,-1
2108,5,9.613905552991847e-05,-1
1600,5,9.613905552991847e-05,-1
1604,5,9.613905552991847e-05,-1
1646,5,9.613905552991847e-05,-1
1647,5,9.613905552991847e-05,-1
8,5,9.613905552991847e-05,-1
61,5,9.613905552991847e-05,-1
62,5,9.613905552991847e-05,-1
1658,5,9.613905552991847e-05,-1
2870,5,9.613905552991847e-05,-1
2879,5,9.613905552991847e-05,-1
2880,5,9.613905552991847e-05,-1
2888,5,9.613905552991847e-05,-1
1686,5,9.613905552991847e-05,-1
2850,5,9.613905552991847e-05,-1
2853,5,9.613905552991847e-05,-1
2857,5,9.613905552991847e-05,-1
2864,5,9.613905552991847e-05,-1
1633,5,9.613905552991847e-05,-1
2858,5,9.613905552991847e-05,-1
118,5,9.613905552991847e-05,-1
130,5,9.613905552991847e-05,-1
1613,5,9.613905552991847e-05,-1
1596,5,9.613905552991847e-05,-1
1597,5,9.613905552991847e-05,-1
101,5,9.613905552991847e-05,-1
2860,5,9.613905552991847e-05,-1
2863,5,9.613905552991847e-05,-1
2948,5,9.613905552991847e-05,-1
2972,5,9.613905552991847e-05,-1
2951,5,9.613905552991847e-05,-1
2952,5,9.613905552991847e-05,-1
2953,5,9.613905552991847e-05,-1
2954,5,9.613905552991847e-05,-1
2926,4,7.691124442393478e-05,-1
2946,4,7.691124442393478e-05,-1
1611,4,7.691124442393478e-05,-1
1614,4,7.691124442393478e-05,-1
1583,4,7.691124442393478e-05,-1
116,4,7.691124442393478e-05,-1
132,4,7.691124442393478e-05,-1
136,4,7.691124442393478e-05,-1
137,4,7.691124442393478e-05,-1
1683,4,7.691124442393478e-05,-1
2848,4,7.691124442393478e-05,-1
2856,4,7.691124442393478e-05,-1
2886,4,7.691124442393478e-05,-1
1643,4,7.691124442393478e-05,-1
1644,4,7.691124442393478e-05,-1
1655,4,7.691124442393478e-05,-1
20,4,7.691124442393478e-05,-1
2109,4,7.691124442393478e-05,-1
2110,4,7.691124442393478e-05,-1
2920,4,7.691124442393478e-05,-1
2955,4,7.691124442393478e-05,-1
2956,4,7.691124442393478e-05,-1
2201,4,7.691124442393478e-05,-1
2207,4,7.691124442393478e-05,-1
2212,4,7.691124442393478e-05,-1
1015,4,7.691124442393478e-05,-1
2192,4,7.691124442393478e-05,-1
2062,4,7.691124442393478e-05,-1
1109,4,7.691124442393478e-05,-1
1125,4,7.691124442393478e-05,-1
1509,4,7.691124442393478e-05,-1
2159,4,7.691124442393478e-05,-1
2147,4,7.691124442393478e-05,-1
1055,4,7.691124442393478e-05,-1
2091,4,7.691124442393478e-05,-1
2097,4,7.691124442393478e-05,-1
2136,4,7.691124442393478e-05,-1
2139,4,7.691124442393478e-05,-1
2673,4,7.691124442393478e-05,-1
2675,4,7.691124442393478e-05,-1
2678,4,7.691124442393478e-05,-1
311,4,7.691124442393478e-05,-1
319,4,7.691124442393478e-05,-1
282,4,7.691124442393478e-05,-1
2661,4,7.691124442393478e-05,-1
2663,4,7.691124442393478e-05,-1
2020,4,7.691124442393478e-05,-1
2023,4,7.691124442393478e-05,-1
2029,4,7.691124442393478e-05,-1
2223,4,7.691124442393478e-05,-1
2680,4,7.691124442393478e-05,-1
2683,4,7.691124442393478e-05,-1
2684,4,7.691124442393478e-05,-1
2667,4,7.691124442393478e-05,-1
1878,4,7.691124442393478e-05,-1
2779,4,7.691124442393478e-05,-1
1888,4,7.691124442393478e-05,-1
1890,4,7.691124442393478e-05,-1
1896,4,7.691124442393478e-05,-1
1291,4,7.691124442393478e-05,-1
2380,4,7.691124442393478e-05,-1
1883,4,7.691124442393478e-05,-1
2406,4,7.691124442393478e-05,-1
2407,4,7.691124442393478e-05,-1
2409,4,7.691124442393478e-05,-1
752,4,7.691124442393478e-05,-1
2389,4,7.691124442393478e-05,-1
2396,4,7.691124442393478e-05,-1
2398,4,7.691124442393478e-05,-1
1349,4,7.691124442393478e-05,-1
540,4,7.691124442393478e-05,-1
2529,4,7.691124442393478e-05,-1
2531,4,7.691124442393478e-05,-1
2430,4,7.691124442393478e-05,-1
716,4,7.691124442393478e-05,-1
723,4,7.691124442393478e-05,-1
2411,4,7.691124442393478e-05,-1
2419,4,7.691124442393478e-05,-1
2557,4,7.691124442393478e-05,-1
2560,4,7.691124442393478e-05,-1
2563,4,7.691124442393478e-05,-1
2542,4,7.691124442393478e-05,-1
2544,4,7.691124442393478e-05,-1
2551,4,7.691124442393478e-05,-1
612,4,7.691124442393478e-05,-1
617,4,7.691124442393478e-05,-1
144,4,7.691124442393478e-05,-1
2768,4,7.691124442393478e-05,-1
2305,4,7.691124442393478e-05,-1
2309,4,7.691124442393478e-05,-1
2310,4,7.691124442393478e-05,-1
1944,4,7.691124442393478e-05,-1
2366,4,7.691124442393478e-05,-1
1283,4,7.691124442393478e-05,-1
1392,4,7.691124442393478e-05,-1
1914,4,7.691124442393478e-05,-1
861,4,7.691124442393478e-05,-1
2814,4,7.691124442393478e-05,-1
2817,4,7.691124442393478e-05,-1
2804,4,7.691124442393478e-05,-1
2812,4,7.691124442393478e-05,-1
143,4,7.691124442393478e-05,-1
1706,4,7.691124442393478e-05,-1
1532,4,7.691124442393478e-05,-1
1689,4,7.691124442393478e-05,-1
1690,4,7.691124442393478e-05,-1
2761,4,7.691124442393478e-05,-1
2762,4,7.691124442393478e-05,-1
183,4,7.691124442393478e-05,-1
191,4,7.691124442393478e-05,-1
1884,4,7.691124442393478e-05,-1
822,4,7.691124442393478e-05,-1
842,4,7.691124442393478e-05,-1
2370,4,7.691124442393478e-05,-1
2428,4,7.691124442393478e-05,-1
1534,4,7.691124442393478e-05,-1
2767,4,7.691124442393478e-05,-1
1700,4,7.691124442393478e-05,-1
898,4,7.691124442393478e-05,-1
2327,4,7.691124442393478e-05,-1
919,4,7.691124442393478e-05,-1
920,4,7.691124442393478e-05,-1
923,4,7.691124442393478e-05,-1
2839,4,7.691124442393478e-05,-1
1996,4,7.691124442393478e-05,-1
1998,4,7.691124442393478e-05,-1
2617,4,7.691124442393478e-05,-1
2619,4,7.691124442393478e-05,-1
1238,4,7.691124442393478e-05,-1
2296,4,7.691124442393478e-05,-1
1946,4,7.691124442393478e-05,-1
2277,4,7.691124442393478e-05,-1
2282,4,7.691124442393478e-05,-1
2273,4,7.691124442393478e-05,-1
1773,4,7.691124442393478e-05,-1
1774,4,7.691124442393478e-05,-1
465,4,7.691124442393478e-05,-1
484,4,7.691124442393478e-05,-1
485,4,7.691124442393478e-05,-1
486,4,7.691124442393478e-05,-1
2613,4,7.691124442393478e-05,-1
2614,4,7.691124442393478e-05,-1
1288,4,7.691124442393478e-05,-1
1931,4,7.691124442393478e-05,-1
1935,4,7.691124442393478e-05,-1
2353,4,7.691124442393478e-05,-1
1407,4,7.691124442393478e-05,-1
1775,4,7.691124442393478e-05,-1
2571,4,7.691124442393478e-05,-1
2574,4,7.691124442393478e-05,-1
1562,4,7.691124442393478e-05,-1
1563,4,7.691124442393478e-05,-1
1567,4,7.691124442393478e-05,-1
1673,4,7.691124442393478e-05,-1
1550,4,7.691124442393478e-05,-1
1553,4,7.691124442393478e-05,-1
1556,4,7.691124442393478e-05,-1
2844,4,7.691124442393478e-05,-1
2592,4,7.691124442393478e-05,-1
1457,4,7.691124442393478e-05,-1
2648,4,7.691124442393478e-05,-1
2636,4,7.691124442393478e-05,-1
2639,4,7.691124442393478e-05,-1
1751,4,7.691124442393478e-05,-1
2226,4,7.691124442393478e-05,-1
980,4,7.691124442393478e-05,-1
2248,4,7.691124442393478e-05,-1
2608,4,7.691124442393478e-05,-1
2610,4,7.691124442393478e-05,-1
2597,4,7.691124442393478e-05,-1
401,4,7.691124442393478e-05,-1
2583,4,7.691124442393478e-05,-1
2586,4,7.691124442393478e-05,-1
2587,4,7.691124442393478e-05,-1
2007,4,7.691124442393478e-05,-1
2259,4,7.691124442393478e-05,-1
1983,4,7.691124442393478e-05,-1
1992,4,7.691124442393478e-05,-1
1226,4,7.691124442393478e-05,-1
965,4,7.691124442393478e-05,-1
2255,4,7.691124442393478e-05,-1
1981,4,7.691124442393478e-05,-1
1185,4,7.691124442393478e-05,-1
1189,4,7.691124442393478e-05,-1
1138,4,7.691124442393478e-05,-1
1153,4,7.691124442393478e-05,-1
2042,4,7.691124442393478e-05,-1
2046,4,7.691124442393478e-05,-1
2047,4,7.691124442393478e-05,-1
2054,4,7.691124442393478e-05,-1
2725,4,7.691124442393478e-05,-1
2730,4,7.691124442393478e-05,-1
238,4,7.691124442393478e-05,-1
241,4,7.691124442393478e-05,-1
2176,4,7.691124442393478e-05,-1
2178,4,7.691124442393478e-05,-1
2186,4,7.691124442393478e-05,-1
1177,4,7.691124442393478e-05,-1
2736,4,7.691124442393478e-05,-1
2739,4,7.691124442393478e-05,-1
2743,4,7.691124442393478e-05,-1
2744,4,7.691124442393478e-05,-1
2748,4,7.691124442393478e-05,-1
260,4,7.691124442393478e-05,-1
2734,4,7.691124442393478e-05,-1
2735,4,7.691124442393478e-05,-1
2846,4,7.691124442393478e-05,-1
2830,4,7.691124442393478e-05,-1
2832,4,7.691124442393478e-05,-1
347,4,7.691124442393478e-05,-1
359,4,7.691124442393478e-05,-1
2752,4,7.691124442393478e-05,-1
2753,4,7.691124442393478e-05,-1
2758,4,7.691124442393478e-05,-1
2936,4,7.691124442393478e-05,-1
1616,4,7.691124442393478e-05,-1
2932,4,7.691124442393478e-05,-1
1625,4,7.691124442393478e-05,-1
2897,4,7.691124442393478e-05,-1
2930,4,7.691124442393478e-05,-1
2906,4,7.691124442393478e-05,-1
2958,4,7.691124442393478e-05,-1
2706,4,7.691124442393478e-05,-1
2893,4,7.691124442393478e-05,-1
2894,4,7.691124442393478e-05,-1
2895,4,7.691124442393478e-05,-1
1615,4,7.691124442393478e-05,-1
2890,4,7.691124442393478e-05,-1
48,4,7.691124442393478e-05,-1
2937,4,7.691124442393478e-05,-1
1733,4,7.691124442393478e-05,-1
1734,4,7.691124442393478e-05,-1
1735,4,7.691124442393478e-05,-1
2709,4,7.691124442393478e-05,-1
2717,4,7.691124442393478e-05,-1
1719,4,7.691124442393478e-05,-1
1723,4,7.691124442393478e-05,-1
1726,4,7.691124442393478e-05,-1
2125,4,7.691124442393478e-05,-1
2113,4,7.691124442393478e-05,-1
2115,4,7.691124442393478e-05,-1
1095,4,7.691124442393478e-05,-1
2056,4,7.691124442393478e-05,-1
1174,4,7.691124442393478e-05,-1
1063,4,7.691124442393478e-05,-1
1741,4,7.691124442393478e-05,-1
2501,4,7.691124442393478e-05,-1
1412,4,7.691124442393478e-05,-1
1817,4,7.691124442393478e-05,-1
2507,4,7.691124442393478e-05,-1
2511,4,7.691124442393478e-05,-1
2512,4,7.691124442393478e-05,-1
2514,4,7.691124442393478e-05,-1
2552,4,7.691124442393478e-05,-1
1860,4,7.691124442393478e-05,-1
1330,4,7.691124442393478e-05,-1
1344,4,7.691124442393478e-05,-1
2452,4,7.691124442393478e-05,-1
1856,4,7.691124442393478e-05,-1
738,4,7.691124442393478e-05,-1
630,4,7.691124442393478e-05,-1
634,4,7.691124442393478e-05,-1
2471,4,7.691124442393478e-05,-1
1377,4,7.691124442393478e-05,-1
1843,4,7.691124442393478e-05,-1
1846,4,7.691124442393478e-05,-1
1363,4,7.691124442393478e-05,-1
1368,4,7.691124442393478e-05,-1
2516,4,7.691124442393478e-05,-1
1859,4,7.691124442393478e-05,-1
2961,4,7.691124442393478e-05,-1
2974,4,7.691124442393478e-05,-1
2503,4,7.691124442393478e-05,-1
2476,4,7.691124442393478e-05,-1
2482,4,7.691124442393478e-05,-1
2483,4,7.691124442393478e-05,-1
2459,4,7.691124442393478e-05,-1
2463,4,7.691124442393478e-05,-1
2900,3,5.7683433317951084e-05,-1
2913,3,5.7683433317951084e-05,-1
2917,3,5.7683433317951084e-05,-1
2963,3,5.7683433317951084e-05,-1
2643,3,5.7683433317951084e-05,-1
2100,3,5.7683433317951084e-05,-1
1610,3,5.7683433317951084e-05,-1
2887,3,5.7683433317951084e-05,-1
2969,3,5.7683433317951084e-05,-1
46,3,5.7683433317951084e-05,-1
2970,3,5.7683433317951084e-05,-1
2971,3,5.7683433317951084e-05,-1
1484,3,5.7683433317951084e-05,-1
2694,3,5.7683433317951084e-05,-1
2697,3,5.7683433317951084e-05,-1
2704,3,5.7683433317951084e-05,-1
2658,3,5.7683433317951084e-05,-1
2742,3,5.7683433317951084e-05,-1
2674,3,5.7683433317951084e-05,-1
2679,3,5.7683433317951084e-05,-1
2635,3,5.7683433317951084e-05,-1
2644,3,5.7683433317951084e-05,-1
1761,3,5.7683433317951084e-05,-1
254,3,5.7683433317951084e-05,-1
2750,3,5.7683433317951084e-05,-1
2629,3,5.7683433317951084e-05,-1
2628,3,5.7683433317951084e-05,-1
2756,3,5.7683433317951084e-05,-1
377,3,5.7683433317951084e-05,-1
409,3,5.7683433317951084e-05,-1
454,3,5.7683433317951084e-05,-1
452,3,5.7683433317951084e-05,-1
2598,3,5.7683433317951084e-05,-1
1410,3,5.7683433317951084e-05,-1
1461,3,5.7683433317951084e-05,-1
1770,3,5.7683433317951084e-05,-1
2943,3,5.7683433317951084e-05,-1
2090,3,5.7683433317951084e-05,-1
1114,3,5.7683433317951084e-05,-1
2849,3,5.7683433317951084e-05,-1
2093,3,5.7683433317951084e-05,-1
2135,3,5.7683433317951084e-05,-1
2146,3,5.7683433317951084e-05,-1
2151,3,5.7683433317951084e-05,-1
2607,3,5.7683433317951084e-05,-1
2609,3,5.7683433317951084e-05,-1
2618,3,5.7683433317951084e-05,-1
464,3,5.7683433317951084e-05,-1
1777,3,5.7683433317951084e-05,-1
185,3,5.7683433317951084e-05,-1
1543,3,5.7683433317951084e-05,-1
1696,3,5.7683433317951084e-05,-1
2567,3,5.7683433317951084e-05,-1
580,3,5.7683433317951084e-05,-1
1545,3,5.7683433317951084e-05,-1
2527,3,5.7683433317951084e-05,-1
597,3,5.7683433317951084e-05,-1
2534,3,5.7683433317951084e-05,-1
610,3,5.7683433317951084e-05,-1
559,3,5.7683433317951084e-05,-1
2568,3,5.7683433317951084e-05,-1
2564,3,5.7683433317951084e-05,-1
2549,3,5.7683433317951084e-05,-1
2558,3,5.7683433317951084e-05,-1
2486,3,5.7683433317951084e-05,-1
666,3,5.7683433317951084e-05,-1
2462,3,5.7683433317951084e-05,-1
2522,3,5.7683433317951084e-05,-1
2350,3,5.7683433317951084e-05,-1
2792,3,5.7683433317951084e-05,-1
2801,3,5.7683433317951084e-05,-1
2336,3,5.7683433317951084e-05,-1
2505,3,5.7683433317951084e-05,-1
2488,3,5.7683433317951084e-05,-1
706,3,5.7683433317951084e-05,-1
742,3,5.7683433317951084e-05,-1
1869,3,5.7683433317951084e-05,-1
761,3,5.7683433317951084e-05,-1
2446,3,5.7683433317951084e-05,-1
1849,3,5.7683433317951084e-05,-1
788,3,5.7683433317951084e-05,-1
2374,3,5.7683433317951084e-05,-1
2439,3,5.7683433317951084e-05,-1
2434,3,5.7683433317951084e-05,-1
845,3,5.7683433317951084e-05,-1
1882,3,5.7683433317951084e-05,-1
1895,3,5.7683433317951084e-05,-1
2775,3,5.7683433317951084e-05,-1
1886,3,5.7683433317951084e-05,-1
2291,3,5.7683433317951084e-05,-1
2295,3,5.7683433317951084e-05,-1
1948,3,5.7683433317951084e-05,-1
2269,3,5.7683433317951084e-05,-1
2280,3,5.7683433317951084e-05,-1
1965,3,5.7683433317951084e-05,-1
1964,3,5.7683433317951084e-05,-1
1939,3,5.7683433317951084e-05,-1
1936,3,5.7683433317951084e-05,-1
1921,3,5.7683433317951084e-05,-1
1916,3,5.7683433317951084e-05,-1
2973,3,5.7683433317951084e-05,-1
1642,3,5.7683433317951084e-05,-1
1584,3,5.7683433317951084e-05,-1
1591,3,5.7683433317951084e-05,-1
127,3,5.7683433317951084e-05,-1
2859,3,5.7683433317951084e-05,-1
1628,3,5.7683433317951084e-05,-1
1639,3,5.7683433317951084e-05,-1
1062,3,5.7683433317951084e-05,-1
2163,3,5.7683433317951084e-05,-1
1172,3,5.7683433317951084e-05,-1
2292,3,5.7683433317951084e-05,-1
1976,3,5.7683433317951084e-05,-1
951,3,5.7683433317951084e-05,-1
944,3,5.7683433317951084e-05,-1
1950,3,5.7683433317951084e-05,-1
2842,3,5.7683433317951084e-05,-1
1669,3,5.7683433317951084e-05,-1
1547,3,5.7683433317951084e-05,-1
1551,3,5.7683433317951084e-05,-1
1993,3,5.7683433317951084e-05,-1
1999,3,5.7683433317951084e-05,-1
2000,3,5.7683433317951084e-05,-1
2841,3,5.7683433317951084e-05,-1
1577,3,5.7683433317951084e-05,-1
2214,3,5.7683433317951084e-05,-1
2011,3,5.7683433317951084e-05,-1
2031,3,5.7683433317951084e-05,-1
1011,3,5.7683433317951084e-05,-1
1005,3,5.7683433317951084e-05,-1
1004,3,5.7683433317951084e-05,-1
2182,3,5.7683433317951084e-05,-1
2069,3,5.7683433317951084e-05,-1
2073,3,5.7683433317951084e-05,-1
2081,3,5.7683433317951084e-05,-1
1096,3,5.7683433317951084e-05,-1
2083,3,5.7683433317951084e-05,-1
2719,2,3.845562221196739e-05,-1
251,2,3.845562221196739e-05,-1
2909,2,3.845562221196739e-05,-1
2070,2,3.845562221196739e-05,-1
891,2,3.845562221196739e-05,-1
1756,2,3.845562221196739e-05,-1
2666,2,3.845562221196739e-05,-1
2665,2,3.845562221196739e-05,-1
552,2,3.845562221196739e-05,-1
1871,2,3.845562221196739e-05,-1
1795,2,3.845562221196739e-05,-1
1580,2,3.845562221196739e-05,-1
2868,2,3.845562221196739e-05,-1
2824,2,3.845562221196739e-05,-1
2795,2,3.845562221196739e-05,-1
632,2,3.845562221196739e-05,-1
1814,2,3.845562221196739e-05,-1
814,2,3.845562221196739e-05,-1
2394,2,3.845562221196739e-05,-1
2950,2,3.845562221196739e-05,-1
2307,2,3.845562221196739e-05,-1
903,2,3.845562221196739e-05,-1
1500,1,1.9227811105983696e-05,-1
2878,1,1.9227811105983696e-05,-1
1708,1,1.9227811105983696e-05,-1
1793,1,1.9227811105983696e-05,-1
2294,1,1.9227811105983696e-05,-1
