user_id:token,pop_score,popularity_label
469,1.0,1
467,1.0,1
1118,1.0,1
1130,1.0,1
132,1.0,1
1095,1.0,1
538,1.0,1
537,1.0,1
321,1.0,1
1184,1.0,1
360,1.0,1
663,1.0,1
254,1.0,1
246,1.0,1
955,1.0,1
201,1.0,1
283,1.0,1
731,1.0,1
202,1.0,1
670,1.0,1
122,1.0,1
171,1.0,1
323,1.0,1
678,1.0,1
317,1.0,1
646,1.0,1
223,1.0,1
1299,1.0,1
1280,1.0,1
50,1.0,1
372,1.0,1
373,1.0,1
192,1.0,1
224,1.0,1
1265,1.0,1
890,1.0,1
1345,1.0,1
500,0.9,1
1353,0.8571428571428571,1
814,0.8571428571428571,1
495,0.8333333333333334,1
1152,0.8181818181818182,1
508,0.8,1
316,0.8,1
941,0.8,1
264,0.8,1
11,0.8,1
275,0.75,1
1178,0.75,1
575,0.75,1
339,0.75,1
479,0.75,1
525,0.75,1
456,0.75,1
1278,0.75,1
200,0.75,1
569,0.75,1
911,0.75,1
984,0.7142857142857143,1
439,0.6666666666666666,1
84,0.6666666666666666,1
524,0.6666666666666666,1
1157,0.6666666666666666,1
1164,0.6666666666666666,1
727,0.6666666666666666,1
772,0.6666666666666666,1
840,0.6666666666666666,1
824,0.6666666666666666,1
1209,0.6666666666666666,1
899,0.6666666666666666,1
29,0.6666666666666666,1
78,0.6666666666666666,1
249,0.6666666666666666,1
193,0.6666666666666666,1
733,0.6666666666666666,1
1024,0.6666666666666666,1
1030,0.6666666666666666,1
985,0.6666666666666666,1
286,0.6666666666666666,1
596,0.6666666666666666,1
989,0.6666666666666666,1
740,0.6666666666666666,1
94,0.6666666666666666,1
370,0.6666666666666666,1
1054,0.6666666666666666,1
106,0.6666666666666666,1
355,0.6666666666666666,1
457,0.625,1
215,0.625,1
987,0.6153846153846154,1
1331,0.6,1
327,0.6,1
33,0.6,1
276,0.6,1
804,0.6,1
1302,0.6,1
257,0.6,1
162,0.5714285714285714,0
865,0.5714285714285714,0
140,0.5714285714285714,0
774,0.5714285714285714,0
182,0.5555555555555556,0
277,0.5294117647058824,0
558,0.5,0
577,0.5,0
1053,0.5,0
343,0.5,0
402,0.5,0
400,0.5,0
354,0.5,0
1121,0.5,0
1120,0.5,0
1319,0.5,0
1321,0.5,0
1137,0.5,0
1114,0.5,0
1145,0.5,0
1229,0.5,0
560,0.5,0
594,0.5,0
514,0.5,0
583,0.5,0
131,0.5,0
1099,0.5,0
1091,0.5,0
96,0.5,0
565,0.5,0
348,0.5,0
1052,0.5,0
738,0.5,0
702,0.5,0
739,0.5,0
298,0.5,0
305,0.5,0
746,0.5,0
747,0.5,0
696,0.5,0
300,0.5,0
990,0.5,0
983,0.5,0
336,0.5,0
1089,0.5,0
1076,0.5,0
635,0.5,0
643,0.5,0
1086,0.5,0
676,0.5,0
1034,0.5,0
716,0.5,0
660,0.5,0
177,0.5,0
168,0.5,0
1068,0.5,0
1023,0.5,0
928,0.5,0
945,0.5,0
221,0.5,0
239,0.5,0
253,0.5,0
903,0.5,0
891,0.5,0
892,0.5,0
847,0.5,0
764,0.5,0
768,0.5,0
760,0.5,0
1008,0.5,0
789,0.5,0
843,0.5,0
225,0.5,0
996,0.5,0
185,0.5,0
416,0.5,0
49,0.5,0
231,0.5,0
939,0.5,0
1333,0.5,0
1318,0.5,0
428,0.5,0
412,0.5,0
407,0.5,0
1244,0.5,0
1216,0.5,0
1259,0.5,0
1267,0.5,0
1339,0.5,0
972,0.47058823529411764,0
86,0.4666666666666667,0
948,0.46153846153846156,0
1019,0.45454545454545453,0
743,0.45454545454545453,0
1163,0.45454545454545453,0
929,0.45,0
964,0.4444444444444444,0
1336,0.4444444444444444,0
1044,0.4444444444444444,0
979,0.4444444444444444,0
631,0.4444444444444444,0
520,0.4444444444444444,0
423,0.4444444444444444,0
1124,0.44,0
165,0.4375,0
71,0.42857142857142855,0
152,0.42857142857142855,0
1316,0.42857142857142855,0
34,0.42857142857142855,0
1013,0.42857142857142855,0
1123,0.42857142857142855,0
1161,0.425,0
1020,0.42105263157894735,0
458,0.4166666666666667,0
1262,0.4166666666666667,0
501,0.4,0
1110,0.4,0
516,0.4,0
307,0.4,0
1075,0.4,0
1002,0.4,0
639,0.4,0
584,0.4,0
737,0.4,0
134,0.4,0
176,0.4,0
1033,0.4,0
280,0.4,0
144,0.4,0
882,0.4,0
817,0.4,0
1196,0.4,0
20,0.4,0
481,0.4,0
475,0.4,0
470,0.4,0
1358,0.38461538461538464,0
586,0.38461538461538464,0
825,0.38461538461538464,0
762,0.38461538461538464,0
259,0.3793103448275862,0
142,0.375,0
621,0.375,0
951,0.375,0
974,0.375,0
37,0.375,0
128,0.375,0
777,0.375,0
1211,0.3684210526315789,0
1146,0.3684210526315789,0
178,0.3684210526315789,0
1018,0.36363636363636365,0
519,0.36363636363636365,0
1100,0.36363636363636365,0
159,0.3617021276595745,0
65,0.35714285714285715,0
368,0.35714285714285715,0
1273,0.35714285714285715,0
1012,0.35714285714285715,0
1307,0.35294117647058826,0
378,0.35294117647058826,0
97,0.3448275862068966,0
853,0.34285714285714286,0
313,0.34,0
1268,0.3333333333333333,0
1269,0.3333333333333333,0
81,0.3333333333333333,0
1349,0.3333333333333333,0
199,0.3333333333333333,0
209,0.3333333333333333,0
958,0.3333333333333333,0
1309,0.3333333333333333,0
31,0.3333333333333333,0
528,0.3333333333333333,0
448,0.3333333333333333,0
344,0.3333333333333333,0
389,0.3333333333333333,0
396,0.3333333333333333,0
340,0.3333333333333333,-1
1317,0.3333333333333333,0
1174,0.3333333333333333,0
541,0.3333333333333333,0
547,0.3333333333333333,0
1185,0.3333333333333333,0
1148,0.3333333333333333,0
391,0.3333333333333333,0
1168,0.3333333333333333,0
675,0.3333333333333333,-1
315,0.3333333333333333,0
1039,0.3333333333333333,0
1015,0.3333333333333333,0
1040,0.3333333333333333,0
172,0.3333333333333333,0
123,0.3333333333333333,0
1058,0.3333333333333333,0
111,0.3333333333333333,-1
100,0.3333333333333333,0
308,0.3333333333333333,0
821,0.3333333333333333,0
832,0.3333333333333333,0
217,0.3333333333333333,0
877,0.3333333333333333,0
263,0.3333333333333333,0
454,0.3333333333333333,0
455,0.3333333333333333,0
445,0.3333333333333333,0
1338,0.3333333333333333,0
429,0.3333333333333333,0
463,0.3333333333333333,0
409,0.3333333333333333,0
417,0.3333333333333333,0
227,0.3333333333333333,0
932,0.3333333333333333,0
274,0.3333333333333333,0
902,0.3333333333333333,0
946,0.3333333333333333,0
867,0.3333333333333333,0
204,0.3333333333333333,0
969,0.3333333333333333,0
1283,0.3333333333333333,0
1310,0.3333333333333333,0
829,0.3333333333333333,0
1350,0.3333333333333333,0
332,0.3333333333333333,0
334,0.3333333333333333,-1
617,0.3333333333333333,0
650,0.3333333333333333,0
688,0.3333333333333333,0
125,0.3333333333333333,0
135,0.3333333333333333,0
623,0.3333333333333333,0
922,0.3333333333333333,0
659,0.3333333333333333,0
919,0.3333333333333333,0
937,0.3333333333333333,0
6,0.3333333333333333,-1
593,0.3333333333333333,0
1064,0.3333333333333333,0
553,0.3333333333333333,0
536,0.3333333333333333,0
574,0.3333333333333333,0
918,0.3235294117647059,0
590,0.3235294117647059,0
589,0.32142857142857145,0
1226,0.32142857142857145,0
662,0.32,0
943,0.3191489361702128,0
386,0.3157894736842105,0
214,0.3157894736842105,0
947,0.3142857142857143,0
640,0.3125,0
1332,0.3125,0
1276,0.3125,0
780,0.3103448275862069,0
190,0.3076923076923077,0
900,0.3076923076923077,0
800,0.3076923076923077,0
267,0.3076923076923077,0
381,0.3076923076923077,0
102,0.3076923076923077,0
329,0.3076923076923077,0
395,0.3055555555555556,0
661,0.3,0
711,0.3,0
703,0.3,0
758,0.3,-1
198,0.3,0
471,0.3,0
591,0.3,0
870,0.29411764705882354,0
425,0.2926829268292683,0
1227,0.2916666666666667,0
952,0.2894736842105263,0
191,0.2857142857142857,0
815,0.2857142857142857,0
1348,0.2857142857142857,0
1301,0.2857142857142857,0
1235,0.2857142857142857,0
384,0.2857142857142857,0
27,0.2857142857142857,0
233,0.2857142857142857,0
914,0.2857142857142857,0
1243,0.2857142857142857,0
976,0.2857142857142857,0
89,0.2857142857142857,0
570,0.2857142857142857,0
333,0.2857142857142857,0
1072,0.2857142857142857,0
750,0.2857142857142857,0
167,0.2857142857142857,0
1032,0.2857142857142857,0
1106,0.2857142857142857,0
552,0.2857142857142857,0
366,0.2857142857142857,0
1045,0.2857142857142857,0
1201,0.2857142857142857,0
1115,0.2857142857142857,0
1155,0.2857142857142857,0
523,0.2857142857142857,0
1249,0.28,0
874,0.2777777777777778,0
17,0.2777777777777778,0
88,0.27586206896551724,0
30,0.275,0
833,0.2727272727272727,0
622,0.2727272727272727,0
923,0.2727272727272727,0
1347,0.2702702702702703,0
1192,0.2692307692307692,0
40,0.2692307692307692,0
490,0.26666666666666666,0
628,0.26666666666666666,0
91,0.26666666666666666,0
751,0.26666666666666666,0
453,0.26666666666666666,0
141,0.26666666666666666,0
164,0.26666666666666666,0
32,0.2631578947368421,0
1151,0.2631578947368421,0
564,0.2608695652173913,0
598,0.25806451612903225,0
1029,0.25806451612903225,0
252,0.25,0
450,0.25,0
314,0.25,0
889,0.25,0
488,0.25,0
907,0.25,0
909,0.25,0
841,0.25,0
1139,0.25,0
291,0.25,0
64,0.25,0
1197,0.25,0
270,0.25,0
795,0.25,0
449,0.25,0
1176,0.25,0
446,0.25,0
16,0.25,0
699,0.25,0
1271,0.25,0
1311,0.25,0
39,0.25,0
419,0.25,0
1236,0.25,0
60,0.25,0
61,0.25,0
1043,0.25,0
1057,0.25,0
684,0.25,0
690,0.25,0
374,0.25,0
451,0.25,0
511,0.25,0
1083,0.25,0
855,0.25,0
854,0.25,0
1343,0.25,0
156,0.25,0
581,0.25,0
562,0.25,0
953,0.25,0
926,0.25,0
924,0.25,0
521,0.25,0
1170,0.25,0
410,0.25,0
788,0.24444444444444444,0
268,0.24390243902439024,0
208,0.24324324324324326,0
1055,0.23809523809523808,0
1098,0.23809523809523808,0
755,0.23809523809523808,0
499,0.23529411764705882,0
1127,0.23529411764705882,0
822,0.23255813953488372,0
698,0.23076923076923078,0
1070,0.23076923076923078,0
80,0.23076923076923078,0
1134,0.22727272727272727,0
1026,0.22727272727272727,0
3,0.22727272727272727,0
1025,0.22727272727272727,0
1193,0.22727272727272727,0
1180,0.22727272727272727,0
99,0.22580645161290322,0
757,0.2222222222222222,0
330,0.2222222222222222,0
796,0.2222222222222222,0
691,0.2222222222222222,0
753,0.2222222222222222,0
126,0.2222222222222222,0
830,0.2222222222222222,0
1173,0.2222222222222222,0
4,0.2222222222222222,0
1071,0.2222222222222222,0
986,0.2222222222222222,0
288,0.21428571428571427,0
1195,0.21428571428571427,0
72,0.21428571428571427,0
515,0.21428571428571427,0
998,0.21428571428571427,0
1094,0.21428571428571427,0
120,0.21428571428571427,0
376,0.21428571428571427,0
337,0.21212121212121213,0
645,0.21212121212121213,0
827,0.21212121212121213,0
805,0.21052631578947367,0
667,0.21052631578947367,0
431,0.21052631578947367,0
434,0.20833333333333334,0
1060,0.20833333333333334,0
10,0.20454545454545456,0
109,0.20454545454545456,0
897,0.20408163265306123,0
363,0.20408163265306123,0
1187,0.20408163265306123,0
1356,0.2,0
1337,0.2,0
720,0.2,0
744,0.2,0
561,0.2,0
997,0.2,0
160,0.2,0
147,0.2,0
1035,0.2,0
1041,0.2,0
735,0.2,0
73,0.2,0
57,0.2,0
1290,0.2,0
1300,0.2,0
1005,0.2,0
1004,0.2,0
124,0.2,0
599,0.2,0
1096,0.2,0
496,0.2,0
992,0.2,0
906,0.2,0
230,0.2,0
893,0.2,0
626,0.2,-1
207,0.2,0
361,0.2,0
556,0.2,0
492,0.2,0
1189,0.2,0
803,0.2,0
809,0.2,0
839,0.2,0
845,0.2,0
807,0.2,0
28,0.2,0
287,0.2,0
779,0.2,0
680,0.2,0
324,0.2,0
566,0.2,0
991,0.2,0
629,0.2,0
69,0.1935483870967742,0
816,0.19230769230769232,0
1222,0.19047619047619047,0
41,0.1891891891891892,0
175,0.1891891891891892,0
1101,0.1875,0
1253,0.1875,0
477,0.1875,0
480,0.1875,0
1138,0.1875,0
256,0.1875,0
828,0.18518518518518517,0
465,0.18518518518518517,0
377,0.18518518518518517,0
38,0.18518518518518517,0
115,0.1836734693877551,0
186,0.18181818181818182,0
971,0.18181818181818182,0
1298,0.18181818181818182,0
1342,0.18181818181818182,0
858,0.18181818181818182,0
936,0.18181818181818182,0
966,0.18181818181818182,0
75,0.1794871794871795,0
692,0.17857142857142858,0
875,0.17857142857142858,0
942,0.17647058823529413,0
872,0.17647058823529413,0
600,0.17647058823529413,0
1214,0.17647058823529413,0
1215,0.17647058823529413,0
241,0.17391304347826086,0
1274,0.1724137931034483,0
826,0.1724137931034483,0
245,0.17142857142857143,0
235,0.17142857142857143,0
714,0.16666666666666666,0
310,0.16666666666666666,0
713,0.16666666666666666,0
769,0.16666666666666666,0
119,0.16666666666666666,0
1246,0.16666666666666666,0
432,0.16666666666666666,0
422,0.16666666666666666,0
649,0.16666666666666666,0
613,0.16666666666666666,0
325,0.16666666666666666,0
771,0.16666666666666666,0
62,0.16666666666666666,0
112,0.16666666666666666,0
604,0.16666666666666666,0
857,0.16666666666666666,0
273,0.16666666666666666,0
461,0.16666666666666666,0
1153,0.16666666666666666,0
1165,0.16666666666666666,0
1082,0.16666666666666666,0
184,0.16666666666666666,0
930,0.16666666666666666,0
347,0.16666666666666666,0
358,0.16666666666666666,0
1257,0.16666666666666666,0
379,0.16666666666666666,-1
672,0.16666666666666666,0
1260,0.16666666666666666,0
1104,0.16666666666666666,0
380,0.16666666666666666,0
546,0.16666666666666666,0
540,0.16666666666666666,0
1006,0.16666666666666666,0
1066,0.16666666666666666,0
169,0.16666666666666666,0
533,0.16666666666666666,0
927,0.16666666666666666,0
935,0.16666666666666666,0
472,0.16666666666666666,0
898,0.16666666666666666,0
993,0.16666666666666666,0
582,0.16666666666666666,-1
988,0.16666666666666666,0
956,0.16666666666666666,0
625,0.16666666666666666,0
1087,0.16666666666666666,0
1360,0.16279069767441862,0
1077,0.16279069767441862,0
689,0.16129032258064516,0
1303,0.16129032258064516,0
322,0.1590909090909091,0
1027,0.15789473684210525,0
328,0.15789473684210525,0
502,0.15789473684210525,0
260,0.15789473684210525,0
904,0.15625,0
335,0.15384615384615385,0
1090,0.15384615384615385,0
1108,0.15384615384615385,0
1230,0.15151515151515152,0
292,0.15,0
806,0.15,0
1079,0.15,0
466,0.15,0
719,0.14814814814814814,0
1344,0.14814814814814814,0
47,0.14705882352941177,0
413,0.14705882352941177,0
543,0.14285714285714285,0
1007,0.14285714285714285,0
504,0.14285714285714285,0
1065,0.14285714285714285,0
54,0.14285714285714285,0
705,0.14285714285714285,0
1320,0.14285714285714285,0
1322,0.14285714285714285,0
1277,0.14285714285714285,0
1293,0.14285714285714285,0
1312,0.14285714285714285,0
967,0.14285714285714285,0
961,0.14285714285714285,0
868,0.14285714285714285,0
203,0.14285714285714285,0
886,0.14285714285714285,0
136,0.14285714285714285,0
1081,0.14285714285714285,0
489,0.14285714285714285,0
603,0.14285714285714285,0
869,0.14285714285714285,0
876,0.14285714285714285,0
848,0.14285714285714285,0
513,0.14285714285714285,-1
1181,0.14285714285714285,0
1144,0.14285714285714285,0
52,0.14285714285714285,0
443,0.14285714285714285,0
615,0.14285714285714285,0
1136,0.14285714285714285,0
258,0.14285714285714285,0
9,0.14285714285714285,0
614,0.1388888888888889,0
1142,0.13793103448275862,0
797,0.13793103448275862,0
21,0.13793103448275862,0
430,0.13636363636363635,0
763,0.13636363636363635,0
138,0.13636363636363635,0
1028,0.13513513513513514,0
150,0.13513513513513514,0
664,0.13333333333333333,0
656,0.13333333333333333,0
708,0.13333333333333333,0
954,0.13333333333333333,0
66,0.12903225806451613,0
810,0.12903225806451613,0
787,0.12903225806451613,0
782,0.1276595744680851,0
1191,0.125,0
8,0.125,0
1210,0.125,0
507,0.125,0
278,0.125,0
194,0.125,0
655,0.125,0
730,0.125,0
383,0.125,0
866,0.125,0
154,0.125,0
938,0.125,0
1074,0.125,0
1031,0.125,0
1315,0.12,0
114,0.12,0
776,0.12,0
478,0.11764705882352941,0
15,0.11764705882352941,0
452,0.11764705882352941,0
619,0.11538461538461539,0
931,0.11538461538461539,-1
1063,0.11428571428571428,0
442,0.11428571428571428,0
1085,0.1111111111111111,0
424,0.1111111111111111,0
1288,0.1111111111111111,0
181,0.1111111111111111,0
218,0.1111111111111111,0
105,0.1111111111111111,0
414,0.1111111111111111,0
55,0.1111111111111111,0
1217,0.1111111111111111,0
1122,0.1111111111111111,0
1119,0.1111111111111111,0
255,0.10869565217391304,0
318,0.10810810810810811,0
269,0.10714285714285714,0
637,0.10714285714285714,0
497,0.10638297872340426,0
1219,0.10526315789473684,0
706,0.10526315789473684,0
602,0.10526315789473684,0
1078,0.10526315789473684,0
392,0.10526315789473684,0
1158,0.10416666666666667,0
1062,0.10344827586206896,0
1263,0.1,0
1001,0.1,0
237,0.1,0
1112,0.1,0
397,0.1,0
610,0.1,0
281,0.1,0
341,0.1,0
535,0.1,0
116,0.1,0
1237,0.1,0
1103,0.0967741935483871,0
595,0.09523809523809523,0
963,0.09523809523809523,0
18,0.09090909090909091,0
554,0.09090909090909091,0
1129,0.09090909090909091,0
433,0.09090909090909091,0
633,0.09090909090909091,0
166,0.09090909090909091,0
359,0.08888888888888889,0
812,0.08823529411764706,0
1204,0.08823529411764706,0
491,0.08695652173913043,0
1109,0.08333333333333333,0
1308,0.08333333333333333,0
548,0.08333333333333333,0
648,0.08333333333333333,0
77,0.08333333333333333,0
792,0.08333333333333333,0
251,0.08333333333333333,0
415,0.08333333333333333,0
306,0.08333333333333333,0
1131,0.08,0
1279,0.08,0
888,0.07692307692307693,-1
180,0.07692307692307693,0
349,0.07692307692307693,0
823,0.07692307692307693,0
1092,0.07692307692307693,0
1330,0.07692307692307693,0
1255,0.07692307692307693,0
118,0.07692307692307693,0
129,0.07692307692307693,0
158,0.07692307692307693,0
371,0.07407407407407407,0
673,0.07407407407407407,0
299,0.07142857142857142,0
362,0.07142857142857142,0
247,0.07142857142857142,0
1188,0.07142857142857142,0
393,0.07142857142857142,0
23,0.07142857142857142,0
196,0.06976744186046512,0
669,0.06896551724137931,0
665,0.06896551724137931,0
173,0.06666666666666667,0
770,0.06666666666666667,0
681,0.06666666666666667,0
1242,0.06666666666666667,0
609,0.06451612903225806,0
1264,0.06451612903225806,0
1003,0.06451612903225806,0
579,0.0625,0
210,0.0625,0
701,0.0625,0
484,0.0625,0
44,0.06,0
437,0.058823529411764705,0
206,0.058823529411764705,0
611,0.058823529411764705,0
1306,0.058823529411764705,0
1009,0.058823529411764705,0
723,0.058823529411764705,-1
916,0.058823529411764705,0
406,0.05714285714285714,0
791,0.05555555555555555,0
949,0.05555555555555555,0
261,0.05555555555555555,0
819,0.05263157894736842,0
70,0.05263157894736842,0
262,0.05263157894736842,0
151,0.05263157894736842,-1
820,0.05,0
653,0.05,0
146,0.05,0
1251,0.05,0
326,0.05,0
1049,0.04878048780487805,0
1220,0.047619047619047616,0
250,0.047619047619047616,0
1325,0.045454545454545456,0
459,0.045454545454545456,0
1305,0.045454545454545456,0
704,0.043478260869565216,0
563,0.043478260869565216,0
473,0.043478260869565216,0
860,0.041666666666666664,0
624,0.041666666666666664,0
364,0.04,0
58,0.04,0
534,0.04,-1
1239,0.034482758620689655,0
137,0.03333333333333333,0
350,0.03333333333333333,0
1234,0.029411764705882353,0
304,0.029411764705882353,0
293,0.02,0
636,0.0,0
710,0.0,-1
709,0.0,0
674,0.0,0
85,0.0,0
90,0.0,0
671,0.0,0
522,0.0,0
139,0.0,0
1073,0.0,-1
518,0.0,0
530,0.0,0
1059,0.0,0
1088,0.0,0
476,0.0,0
1080,0.0,-1
487,0.0,-1
529,0.0,0
527,0.0,0
526,0.0,0
474,0.0,0
145,0.0,0
517,0.0,0
1171,0.0,0
1183,0.0,0
1117,0.0,-1
1116,0.0,-1
1128,0.0,0
1126,0.0,-1
1166,0.0,0
1113,0.0,0
460,0.0,0
408,0.0,-1
1133,0.0,0
1132,0.0,0
468,0.0,-1
482,0.0,-1
509,0.0,0
87,0.0,0
301,0.0,-1
734,0.0,-1
285,0.0,0
813,0.0,0
811,0.0,0
248,0.0,0
244,0.0,0
243,0.0,0
707,0.0,0
693,0.0,-1
700,0.0,-1
752,0.0,0
717,0.0,0
715,0.0,0
666,0.0,0
302,0.0,0
512,0.0,-1
510,0.0,0
394,0.0,0
353,0.0,0
352,0.0,0
351,0.0,0
390,0.0,0
388,0.0,0
387,0.0,-1
163,0.0,0
174,0.0,0
1016,0.0,0
1014,0.0,-1
1011,0.0,0
1186,0.0,0
157,0.0,0
559,0.0,-1
121,0.0,0
117,0.0,0
155,0.0,0
170,0.0,0
1102,0.0,-1
130,0.0,-1
127,0.0,0
1021,0.0,-1
1048,0.0,0
1047,0.0,0
1046,0.0,0
1056,0.0,0
1093,0.0,0
1022,0.0,0
83,0.0,0
133,0.0,-1
1169,0.0,0
1167,0.0,-1
98,0.0,0
95,0.0,0
1084,0.0,0
1097,0.0,0
143,0.0,-1
1111,0.0,-1
1107,0.0,0
1162,0.0,0
1160,0.0,0
1159,0.0,0
398,0.0,-1
1069,0.0,-1
1067,0.0,0
1017,0.0,0
1051,0.0,0
1061,0.0,0
1050,0.0,0
555,0.0,0
506,0.0,0
505,0.0,0
503,0.0,0
486,0.0,0
485,0.0,-1
483,0.0,-1
401,0.0,0
399,0.0,-1
1156,0.0,0
647,0.0,0
644,0.0,-1
658,0.0,0
846,0.0,0
844,0.0,0
794,0.0,0
793,0.0,-1
842,0.0,-1
838,0.0,0
837,0.0,0
836,0.0,-1
790,0.0,-1
687,0.0,0
686,0.0,0
1175,0.0,-1
5,0.0,-1
749,0.0,0
748,0.0,0
697,0.0,-1
695,0.0,0
694,0.0,0
732,0.0,-1
418,0.0,0
1362,0.0,-1
19,0.0,0
1258,0.0,0
1256,0.0,0
427,0.0,0
375,0.0,0
1340,0.0,0
685,0.0,0
1208,0.0,-1
1207,0.0,0
56,0.0,0
1206,0.0,-1
1205,0.0,-1
1203,0.0,0
1218,0.0,0
1266,0.0,0
1228,0.0,0
1177,0.0,0
1213,0.0,0
668,0.0,0
722,0.0,0
721,0.0,0
718,0.0,0
783,0.0,-1
682,0.0,0
679,0.0,-1
677,0.0,-1
1241,0.0,0
1240,0.0,-1
1238,0.0,-1
421,0.0,0
1285,0.0,-1
1284,0.0,-1
1297,0.0,0
1250,0.0,-1
1248,0.0,0
1247,0.0,0
1245,0.0,0
385,0.0,-1
632,0.0,0
404,0.0,0
403,0.0,0
464,0.0,0
462,0.0,-1
436,0.0,-1
63,0.0,0
1179,0.0,-1
1194,0.0,-1
1125,0.0,0
1135,0.0,-1
498,0.0,0
494,0.0,0
1143,0.0,-1
1141,0.0,0
1292,0.0,0
1202,0.0,0
1200,0.0,0
1182,0.0,0
1140,0.0,0
1154,0.0,0
1150,0.0,-1
1149,0.0,0
1147,0.0,0
1199,0.0,-1
1198,0.0,0
104,0.0,0
103,0.0,0
101,0.0,-1
1105,0.0,0
1172,0.0,0
1190,0.0,-1
1291,0.0,0
411,0.0,0
426,0.0,0
1212,0.0,0
1225,0.0,-1
1224,0.0,-1
1223,0.0,0
1221,0.0,-1
1296,0.0,-1
1295,0.0,0
1294,0.0,0
1233,0.0,-1
1232,0.0,0
1231,0.0,0
113,0.0,0
405,0.0,-1
108,0.0,-1
107,0.0,0
93,0.0,0
92,0.0,0
438,0.0,0
382,0.0,0
42,0.0,-1
53,0.0,-1
51,0.0,0
435,0.0,-1
447,0.0,0
444,0.0,0
493,0.0,-1
441,0.0,-1
440,0.0,0
110,0.0,0
597,0.0,-1
895,0.0,0
894,0.0,0
871,0.0,0
608,0.0,-1
607,0.0,-1
606,0.0,0
271,0.0,0
831,0.0,0
266,0.0,0
265,0.0,0
216,0.0,-1
213,0.0,-1
212,0.0,0
999,0.0,0
226,0.0,0
222,0.0,-1
272,0.0,-1
851,0.0,0
901,0.0,0
913,0.0,0
912,0.0,0
910,0.0,0
908,0.0,0
863,0.0,-1
862,0.0,0
861,0.0,0
859,0.0,-1
873,0.0,0
856,0.0,0
211,0.0,0
781,0.0,0
766,0.0,0
765,0.0,0
778,0.0,-1
331,0.0,-1
630,0.0,0
627,0.0,0
183,0.0,-1
179,0.0,0
921,0.0,0
920,0.0,0
917,0.0,0
915,0.0,0
965,0.0,0
601,0.0,0
312,0.0,0
311,0.0,-1
309,0.0,0
881,0.0,0
880,0.0,0
879,0.0,0
878,0.0,0
864,0.0,0
657,0.0,-1
654,0.0,0
652,0.0,0
651,0.0,0
605,0.0,-1
618,0.0,0
616,0.0,0
978,0.0,0
1282,0.0,0
1281,0.0,0
1352,0.0,-1
43,0.0,0
1355,0.0,0
1272,0.0,0
1289,0.0,0
1287,0.0,0
1304,0.0,-1
1314,0.0,0
1313,0.0,-1
68,0.0,-1
67,0.0,0
82,0.0,0
852,0.0,0
76,0.0,0
1335,0.0,0
745,0.0,0
1261,0.0,0
45,0.0,0
784,0.0,0
1286,0.0,-1
1354,0.0,0
12,0.0,-1
25,0.0,-1
24,0.0,0
22,0.0,0
1351,0.0,-1
1361,0.0,0
1275,0.0,-1
79,0.0,0
835,0.0,0
786,0.0,-1
785,0.0,-1
420,0.0,-1
1334,0.0,0
1346,0.0,0
7,0.0,0
36,0.0,0
35,0.0,-1
48,0.0,0
46,0.0,-1
14,0.0,-1
13,0.0,0
74,0.0,-1
59,0.0,0
1270,0.0,0
1328,0.0,0
1327,0.0,-1
1326,0.0,0
742,0.0,0
741,0.0,0
754,0.0,0
1359,0.0,-1
1357,0.0,0
1,0.0,0
2,0.0,-1
1341,0.0,0
1252,0.0,0
1324,0.0,0
1323,0.0,0
26,0.0,0
1329,0.0,0
294,0.0,0
729,0.0,-1
728,0.0,-1
303,0.0,-1
532,0.0,0
531,0.0,-1
573,0.0,0
572,0.0,0
571,0.0,-1
557,0.0,0
545,0.0,0
544,0.0,0
542,0.0,0
539,0.0,-1
818,0.0,0
588,0.0,0
205,0.0,0
962,0.0,0
960,0.0,-1
959,0.0,0
189,0.0,0
188,0.0,0
187,0.0,0
149,0.0,0
148,0.0,0
197,0.0,0
195,0.0,-1
161,0.0,-1
957,0.0,0
970,0.0,0
592,0.0,0
950,0.0,0
1000,0.0,0
1254,0.0,0
995,0.0,0
1010,0.0,0
585,0.0,0
580,0.0,0
346,0.0,0
345,0.0,0
342,0.0,0
587,0.0,0
642,0.0,-1
641,0.0,0
638,0.0,0
295,0.0,-1
282,0.0,0
279,0.0,-1
290,0.0,0
289,0.0,-1
338,0.0,0
726,0.0,0
725,0.0,0
724,0.0,0
736,0.0,-1
712,0.0,0
683,0.0,0
634,0.0,0
284,0.0,0
297,0.0,0
296,0.0,0
612,0.0,0
228,0.0,0
242,0.0,0
885,0.0,0
884,0.0,0
883,0.0,0
896,0.0,0
905,0.0,-1
240,0.0,-1
238,0.0,0
236,0.0,0
220,0.0,0
219,0.0,0
234,0.0,0
977,0.0,-1
968,0.0,0
973,0.0,0
802,0.0,-1
801,0.0,-1
799,0.0,0
850,0.0,0
849,0.0,0
834,0.0,0
798,0.0,0
808,0.0,0
775,0.0,0
773,0.0,0
761,0.0,0
759,0.0,0
756,0.0,0
767,0.0,0
975,0.0,0
153,0.0,0
982,0.0,0
981,0.0,0
980,0.0,-1
994,0.0,0
1042,0.0,0
1038,0.0,0
1037,0.0,-1
1036,0.0,0
549,0.0,0
887,0.0,0
925,0.0,0
934,0.0,-1
933,0.0,0
620,0.0,0
229,0.0,0
567,0.0,0
551,0.0,0
550,0.0,0
369,0.0,-1
367,0.0,-1
365,0.0,-1
578,0.0,0
576,0.0,0
944,0.0,0
940,0.0,0
320,0.0,-1
319,0.0,0
357,0.0,0
356,0.0,0
232,0.0,0
568,0.0,0
