,cohens_d
0,-1.6221360702830434
1,-4.5121419419164335
2,-2.4093607573309224
3,-5.953028399605193
4,-3.965230767350404
5,-3.2389328150076055
6,-3.2412139422567314
7,-4.683238324626077
8,-4.030769900308308
9,-3.9369655276881113
10,-2.439379124762857
11,-1.7127078147373138
12,-3.042689314395466
13,-3.3557473834306624
14,-3.173180026154549
15,-3.777252620132174
16,-2.7380407813594214
17,-3.130623236927396
18,-2.331593612963095
19,-2.355003142296874
20,-1.3220981794394446
21,0.5106320199766081
22,-5.29640935547264
23,-3.80584858887685
24,-5.393439319355077
25,-4.219241185644291
26,-3.685678462396888
27,-4.129941823420174
28,-2.046284505232556
29,-3.54772325687332
30,-2.616604773173284
31,-2.950387924162243
32,-4.830942627050203
33,-4.169094188895382
34,-3.7287757619023356
35,-3.117658558722035
36,-3.9704301455416884
37,-3.940339375359947
38,-4.07103783967825
39,-4.5152848935465695
40,-5.070820871202632
41,-2.881663760814646
42,-3.132611077841293
43,-5.001556365932492
44,0.07593874113868132
45,-3.2704966006170424
46,-3.9269724263062904
47,-0.0037348291268140964
48,-5.776600003055849
49,-3.7510771790681434
50,-4.056533325432851
51,-3.6188469826860525
52,-3.2311065806145485
53,-1.7887748447605563
54,-3.3402670763388143
55,-3.8434980096999083
56,-3.2965197433146396
57,-3.193879453152154
58,-2.8581487692362666
59,-2.875572398313048
60,-2.735338679357375
61,-3.3350021737998383
62,-3.3637997700055204
63,-3.229030597092698
64,-5.153145657437654
65,-3.606685448909172
66,-4.3854574417210195
67,-3.8418265652984425
68,-3.409263039288278
69,-2.5113331707024975
70,-5.018351690933648
71,-3.7688435791799644
72,-3.1181483542499655
73,-4.048287339280686
74,-3.7616256866892606
75,-3.5712471714300085
76,-3.295386880324664
77,-3.629249024333256
78,-3.113125363800301
79,-4.237662069054356
80,-2.9338585395811467
81,-2.2570584705937295
82,-3.2466923087339885
83,-5.186818283884332
84,-2.3966231525295334
85,-4.682494746486067
86,-2.510457178269405
87,-4.6565460019728535
88,-3.5820887757918296
89,-3.822038962689678
90,-4.059434130032564
91,-5.288059003814294
92,-3.374354340592688
93,-3.590137485751679
94,-5.5310834447394095
95,-3.201059760252599
96,-1.757472712382366
97,3.8748811056142802
98,-3.5666827485433785
99,-3.109303888744052
100,-4.3983325699624185
101,-4.491999183832415
102,-3.695823541454953
103,-3.8142350324410472
104,-3.371948805975444
105,0.0745972909610224
106,-5.698298317913389
107,-3.4073322808273483
108,-4.856932906356291
109,-2.4830048916142227
110,-3.5667355039807287
111,-3.582381948685382
112,-4.667874609945505
113,-2.915942354742932
114,0.7033611782316118
115,-2.3157657066977975
116,-4.267514938973287
117,-3.59597405195282
118,-4.350732849534439
119,-3.9629322294961695
120,-3.1426434555242952
121,-6.044359187289604
122,-3.5502792527929232
123,-5.735694102983886
124,-3.007138071647293
125,-5.1233767957279746
126,-3.383855912864586
127,-3.685982425909058
128,-4.465644390675553
129,-2.9726302127255613
130,-2.8860017782685983
131,-1.8841788248998246
132,-4.152994425398621
133,-3.581859734783879
134,-3.85150222806032
135,-3.292040668064848
136,-2.7491302299970055
137,-2.1569778020727055
138,-2.048695397822329
139,-4.187045995029249
140,-3.533866194932112
141,-4.324201548726021
142,-3.143274556234459
143,-3.799344832483488
144,-3.7545296995407815
145,-5.7229894781437745
146,-4.845211244723911
147,-5.19486273442078
148,-2.8801820487221126
149,-5.301917829488617
150,-3.971353462743661
151,-1.9953912326481846
152,-4.07347653285184
153,-4.922130106367538
154,-4.0910605413836665
155,-3.3984790739964006
156,-4.1835322160917405
157,-2.232049857624474
158,-1.5513952332898446
159,-3.923248090580766
160,-4.0230223126608475
161,-2.5832432589017866
162,-3.9994369080890673
163,-3.432321884708729
164,-3.7952150117996593
165,-2.8526374593595967
166,-4.023541280831582
167,-3.669467325409
168,-3.5491504354869368
169,-2.9332888807959616
170,-2.7465787945439373
171,-4.76072806352822
172,-4.439344425649442
173,-3.610132649367082
174,-3.5805639947093395
175,-4.081319388875784
176,-4.434555123596704
177,-3.767077312868129
178,-4.768913077798736
179,-2.7711738328071287
180,-2.515137517575301
181,-4.066978214535142
182,-4.06445438135498
183,-2.9631834451536965
184,-1.4207561173153311
185,-4.989462756366821
186,-4.599090845990141
187,-4.936588908526963
188,-3.8416632551068353
189,-3.5098014408736047
190,-4.762333702970264
191,-4.063250872590268
192,-4.587242792463759
193,-3.4706641951628634
194,-2.777184493830814
195,-4.176251523043042
196,-3.3588787941322304
197,-1.554169125835351
198,-3.1899402208307235
199,-2.6359503387762118
200,-4.099867080428607
201,-5.256574744806407
202,-2.9617499927962254
203,-0.4106120694406619
204,-2.9029123139630384
205,-1.2774750822014647
206,-3.7682980462225584
207,-2.2449697196688163
208,-3.7637436668639395
209,-3.744447823147363
210,-4.379608926367348
211,-0.4076731647100212
212,-1.7281957514702357
213,-5.217849486912799
214,-4.3212803740478725
215,-4.5551696234596335
216,-4.505718499681905
217,-0.30710109912797146
218,-3.910621723837659
219,-2.2582767533291266
220,-5.427075905165072
221,-2.850978377152152
222,-3.899915275098425
223,-1.8886076144269366
224,-3.3533218460855894
225,-4.584044036594232
226,-2.9153558280096328
227,-3.2401529547091883
228,-5.250618183673457
229,-4.2372546876956925
230,-3.1780473646163307
231,-5.148546052740683
232,-4.289416635990208
233,-2.085496509367475
234,-5.195836674816595
235,-3.6961118398887614
236,-4.028781816263384
237,-4.146940349189882
238,-3.3632208777906105
239,-3.6858297650487324
240,-4.773121116769162
241,-6.201904286690801
242,-4.126427169873018
243,-2.5073233704046833
244,-4.244716577237183
245,-3.7361318675031376
246,-1.5340680106845792
247,-2.9270789374979507
248,-4.728717021319583
249,-2.901469260084578
250,-2.8776525670986275
251,-4.834169332769975
252,-2.157367102974445
253,-2.6432160759202277
254,-3.402980340040059
255,-4.105988895291347
256,-2.232857610119711
257,-5.459105838700501
258,-6.227204242459439
259,-3.0416033078619913
260,-4.8479536608294
261,-5.260069430532931
262,-3.6102054598906235
263,-4.076603903738005
264,-4.074174408094441
265,-4.996631471773757
266,-3.129503888348471
267,-3.7636351449551415
268,-3.271898983926615
269,-1.7678252234092338
270,-1.8803025541043605
271,-4.174448301210334
272,-3.5929804032559547
273,-3.113030149575961
274,-3.0815562937339824
275,-3.7401221222760332
276,-4.155006178073759
277,-3.8801203249346483
278,-3.5937982105354243
279,-3.490468590495151
280,-3.311348497130813
281,-4.082295606137074
282,-3.4271243405000136
283,-4.358536362259341
284,-1.3008690862021197
285,-3.4977416340048655
286,-2.776715665290156
287,-0.6983269778157511
288,-3.6191536671022546
289,-3.3540148539627817
290,-3.4907688000233783
291,-3.4258780952859564
292,-3.68098030790752
293,-4.069964874734981
294,-4.220281396576352
295,-6.1140667368545
296,-5.529372728209346
297,-3.837905323780285
298,-2.828747873738939
299,-2.776506153239176
300,-6.228907968979585
301,-3.694582971920863
302,-2.9800261194381723
303,-2.6282910709912954
304,-2.842998428328935
305,-5.219707978733587
306,-3.456565431826518
307,-2.7549906731170286
308,-3.967691649481435
309,-3.3867946812648446
310,-3.178476619673278
311,-3.7122247792942695
312,-2.2684929724679925
313,-4.644760384686136
314,-3.0725306816445994
315,-3.738029717238012
316,-4.283995261139587
317,-3.4585126619648814
318,-4.30530675002016
319,-3.0591328444062382
320,-5.279918117308402
321,-4.4389775035281565
322,-4.641569321031456
323,-3.333468254803179
324,-4.167463216448204
325,-4.116641625567447
326,-4.041921295963951
327,-4.97784326404339
328,-3.213837166513512
329,-4.981753394619236
330,-4.416121475672421
331,-3.566480030647913
332,-3.7617759896902214
333,-3.5087547137013533
334,-4.300582919785754
335,-4.534389635557681
336,-3.0253588302742322
337,-3.3164975519139976
338,-2.2458932140023053
339,-3.409622221349309
340,-3.3551835964185717
341,-3.2688028276549046
342,-5.065786238676428
343,-4.951242730043878
344,-6.2946028241349845
345,-4.511710136261094
346,-3.5535126069797034
347,-3.2542340434986463
348,-5.16349917000877
349,-5.78685681256213
350,-3.5056267860766632
351,-2.499885807558739
352,-5.0024732067914925
353,-3.3443511337554512
354,-4.222138636644569
355,-3.7289526754085904
356,-2.8135844385149413
357,-3.9472144587231384
358,-5.398646466265348
359,-4.154163624423922
360,-4.331892366264537
361,-3.927536738081636
362,-4.80530211774952
363,-1.221031942989091
364,-3.845097666397115
365,-5.4664807617655535
366,-5.418289772012433
367,-4.7967692132327056
368,-2.337660549655617
369,-2.7320905552921455
370,-4.701652188900418
371,-3.494910049365616
372,-3.382293713896115
373,-3.491434200500804
374,-2.3995598418060657
375,-4.402383896799422
376,-4.125306259511961
377,-4.549041570494929
378,-4.969286468655295
379,0.5657033356657217
380,-2.909056472296406
381,-4.926241997582415
382,-4.594085715216548
383,-3.902416156083596
384,-1.861237721967863
385,-5.383406237353376
386,-3.8313747512543035
387,-2.314453562527462
388,-3.7370860012277465
389,-3.877609082960609
390,-3.0938616351015242
391,-3.8636328298976004
392,0.47365852407459175
393,-4.184724760927416
394,-4.1645928339116125
395,-3.224928410755186
396,-3.4374231433463676
397,-5.745580872839872
398,-5.542977140604379
399,-3.407945552288464
400,-0.2251384473924039
401,-1.5511858652289199
402,-4.4801648690817935
403,-3.597608048074441
404,-2.7923272584586862
405,-3.9913392627038338
406,-2.5467919608005998
407,-0.47167818498692565
408,-4.0278429521125725
409,-3.4300327752264232
410,-4.333182605725097
411,-3.2101514231633583
412,-4.69506668724825
413,-1.2456735484411317
414,-3.2628446006531813
415,-3.651552643903884
416,-2.7788155309330467
417,-3.573489720628505
418,-3.758754585811095
419,-4.036200575262452
420,-4.567004623575809
421,-3.7197653876530836
422,-4.760366610640126
423,-4.141082734863573
424,-3.27101256616915
425,-2.1751702266802013
426,-4.215431531499663
427,-4.1609087113826435
428,-2.3287569089928644
429,-5.361557211761736
430,-4.159659530345917
431,-3.0012327293023513
432,-2.777146464848355
433,-3.7459985402623612
434,-4.130516842671073
435,-4.372670645390013
436,-3.32268620188556
437,-2.464802070600488
438,-4.349586323089469
439,-4.595877609297257
440,-2.3000531273666147
441,-2.801367713432042
442,-2.5751962814971097
443,-4.452931632981594
444,-4.8611994688408
445,-0.7470497892877375
446,-4.677505487739266
447,-3.2508543683456557
448,-4.08481600829469
449,-0.0858730965045046
450,-1.6391086115374078
451,0.8676473837987133
452,-4.5654247287853424
453,-2.9704000598455997
454,-4.478010175185386
455,-3.1798315565475805
456,-2.602033444614334
457,-4.072619363055855
458,-4.912335379647899
459,-2.081431778362235
460,-2.796827812644905
461,-5.3211028759520405
462,-5.036940183143753
463,-4.497986158142097
464,-3.9076413742988096
465,-4.751505139270304
466,-2.628414616409311
467,-3.417034489233452
468,-3.898142155807872
469,-5.25708826344022
470,-2.8008536042090446
471,-3.646923727924588
472,-1.8176441846411233
473,-4.556133300416907
474,-5.76709402106793
475,-5.8022733812974145
476,-2.9364989675308326
477,-2.6531384207943756
478,-5.738692879447345
479,-3.7282515121132174
480,-4.139364960513018
481,-4.100871673670353
482,-4.533669999099446
483,-4.101613542490415
484,-2.2780327709842862
485,-4.028194399249289
486,-5.41371142321002
487,-2.845628467180152
488,-4.548345683024466
489,-2.8079273541213103
490,-4.681019048035835
491,-1.438131659459692
492,-3.562475728475562
493,-2.7294451678162606
494,-4.0474225824435806
495,-4.176736842084137
496,-3.082660013830251
497,-3.527263612161301
498,-2.8153520123181006
499,-5.3530073424559275
500,-2.4663671947688797
501,-2.938709416418112
502,-3.751890805232376
503,-4.174275038572756
504,-6.229237474564338
505,-5.093918065615821
506,-5.319088760783701
507,-4.0371159006332
508,-3.500080255120475
509,-4.886312087956811
510,-5.211600924076869
511,-3.5106851919688977
512,-2.6049228209131026
513,-2.74344995881362
514,-2.479435903846745
515,-3.479838160561279
516,-1.6178881517136559
517,-3.642408392435519
518,-4.12923499585885
519,-3.1154879562546993
520,-3.4511091389469764
521,-4.073125628213241
522,-2.9409250845684816
523,-4.8146626548835885
524,-2.9481096405098635
525,-3.4933004291555725
526,-2.1154160683975296
527,-1.9212457566558758
528,-2.5620975869408587
529,-3.590247410630201
530,-5.1806972538292735
531,-5.226137082253934
532,-3.5104127118468766
533,-3.558489563795207
534,-5.219585962993184
535,-3.955476551975922
536,-3.345838193456178
537,-3.596245662862705
538,-3.9524551279962927
539,-2.1097648372946876
540,-0.6579714757639923
541,-3.367802128063257
542,-4.3488981860039875
543,-2.8788863661509025
544,-4.990212229418605
545,-5.575308646483494
546,-3.748683116366934
547,-2.6847702138361713
548,-2.1400372001663017
549,-5.019705622011047
550,-2.664131953920518
551,-4.074211549033441
552,-4.361565778742528
553,-4.935134366808411
554,-5.084117179689394
555,-2.9876608905653788
556,-3.5765739135246686
557,-2.9862203754370746
558,-2.3855246647313044
559,-4.747488802472595
560,-3.0918565279931127
561,-2.850722174934937
562,-4.387183365610072
563,-4.056458008885122
564,-4.732348224581867
565,-2.0651597416267413
566,-5.324390329148522
567,-4.321267441864834
568,-3.0116086321244357
569,-3.7180437671664874
570,-2.6801618033441152
571,-3.83241625703802
572,-4.240437872771802
573,-4.2791303540085535
574,-3.4818847762385206
575,-3.209486461014597
576,-1.9106110096847506
577,-3.279663461603944
578,-2.3925481546353953
579,-4.061164766969624
580,-4.059759452406189
581,-3.145975763347992
582,-3.211416131426683
583,-3.0150856856688955
584,-2.4381407908437995
585,-2.7015786197620733
586,-4.266915431779783
587,-3.212866451708106
588,-5.136949569395381
589,-4.849426797201627
590,-2.9530403431826246
591,-4.46371466748582
592,-3.6123571257563385
593,-3.3822054441069147
594,-4.544193882780901
595,-3.5365058565978345
596,-4.462448184946918
597,-2.9148685116252966
598,-3.6997083279639256
599,-4.312214607029872
600,-3.88373501363961
601,-4.125851822370088
602,-3.596619435082834
603,-3.985786849860421
604,-3.0372393449437918
605,-2.887979378925351
606,-3.4442432885860126
607,-3.4196923910866683
608,-2.999266108757282
609,-4.934956751654547
610,-4.900576248372851
611,-5.111265292485794
612,-5.153916484819325
613,-5.189658069023657
614,-3.2197869266794092
615,-3.86569505060229
616,-2.696953180281379
617,-1.3069869942049115
618,-4.249055223453641
619,-3.3264409313644947
620,-3.691140235556603
621,-5.005222188326743
622,-4.826276474080384
623,-3.291074313232503
624,-2.58178665016412
625,-4.315834866967555
626,-3.0226100041684005
627,-2.8360264296525446
628,-4.55593110246512
629,-4.160339357398014
630,-3.2689750161588234
631,-5.283390201058962
632,-3.1702957705539463
633,-2.6948313212935577
634,-3.082372516605879
635,-3.7779919960206128
636,-6.029373628113415
637,-4.229099110999573
638,-6.368497995823195
639,-2.358413422520973
640,-2.7410843923429273
641,-4.4735022654788335
642,-3.7429820418358597
643,-2.9801903836631856
644,0.8271282424935492
645,-5.054712424112905
646,-3.8856268750750553
647,-4.026012820909425
648,-5.38171882429226
649,-3.7067814453411407
650,-4.164688516887461
651,-3.6636215034450386
652,-4.839204147585413
653,-3.697060174735362
654,-4.022525969658261
655,-3.059116406499207
656,-5.108436622176183
657,-0.4956664227079105
658,-4.676729062283367
659,-4.867072277899065
660,-4.264204067768156
661,-3.393816807948694
662,-3.878952880415015
663,-4.872988964554142
664,-2.2266818585596506
665,-4.9646367325358405
666,-2.994335721809695
667,-2.1726514228647624
668,-2.0506996104489037
669,-4.2522215422968515
670,-3.918325673962328
671,-1.4209643007094872
672,-4.699822653174594
673,-4.713437670974913
674,-3.9857098210781827
675,-3.082894308819273
676,-3.7592964483580107
677,-2.5270876892357412
678,-2.941812923904104
679,-4.005181533276938
680,-3.166933914687495
681,-3.9652805609387913
682,-2.413549087194214
683,-2.699764998611503
684,-0.7457884727645018
685,-4.072945197232544
686,-3.522531522254567
687,-3.3836433820437923
688,0.8415242571057899
689,-5.278350901907255
690,-3.8254988272730377
691,-2.979750889394509
692,-5.997966360280835
693,-3.0733360218328714
694,-2.211034642502566
695,-3.674618666082911
696,-3.8246298328067643
697,-3.6110306803684598
698,-2.8614453756367326
699,-4.120572956310308
700,-5.238615670929391
701,-4.4833832809308545
702,-4.4693181139963105
703,-4.051427431410249
704,-3.294555340814331
705,-5.085219636414704
706,-0.558910182474072
707,-6.152483731736336
708,-4.651095418118117
709,-4.137831418323177
710,-3.1338956141173964
711,-4.475603109307695
712,0.6691649108409652
713,-4.044931956641574
714,-1.9644050328084894
715,-1.7490643451981263
716,-3.3444969319784352
717,-3.7848243053721595
718,-3.7092024535008807
719,-4.079909704272435
720,-2.5420974265830627
721,-2.6730897896469252
722,-2.201164459320015
723,-2.0796973030436625
724,-3.900048389867979
725,-1.0286330444423777
726,-4.62743083953103
727,-3.9753961625959175
728,-3.262322291931372
729,-4.7996820339951505
730,-2.224205987435626
731,-3.5881014521919665
732,1.2967010616005175
733,-2.1267792041423133
734,-4.726081058623431
735,-5.850249792091634
736,-3.6088295106564243
737,-3.46851404300323
738,-3.6892707102362925
739,-3.797304212091872
740,-0.1219289872502361
741,-3.710778004585575
742,-4.411431850333924
743,-2.693022302977811
744,-2.686136930771699
745,-3.2005938638988596
746,-3.060363661695333
747,-3.419312769970444
748,-3.835235090366407
749,-4.808946764230435
750,-1.991127215366468
751,-4.5125706275275865
752,-4.198219769417668
753,-2.6239595804247258
754,-4.818708002578699
755,-4.510232534320983
756,-4.113739184015304
757,-1.9890064870605915
758,-5.878837289581426
759,-2.7282233003546055
760,-3.0751271568685397
761,-2.497784551001117
762,-4.3343520521736165
763,-4.761726643892097
764,-4.515160784403961
765,-3.664542708279985
766,-3.192676803992387
767,-4.382349307937718
768,-3.665828546801055
769,-5.022819535042287
770,-0.6020361226297265
771,-4.202491409375191
772,-4.369794874749464
773,-3.3669454078498195
774,-3.1073039693154514
775,-2.774136409906633
776,-2.758374274591004
777,-3.6512709720150176
778,-4.368229670154259
779,-4.253260313516231
780,-3.965429885953759
781,-4.52617076904961
782,-4.527804721917463
783,-3.5799634147920556
784,-4.346299012878073
785,-3.9615628887966823
786,-3.1540597231415233
787,-4.29709656290507
788,-3.5612108557892457
789,-4.070148000791982
790,-3.9334395593540754
791,-3.9308116510142512
792,-3.3862114384077766
793,-3.668528068374551
794,-2.701293753244529
795,-2.390136329161004
796,-5.646520996979287
797,-4.2258968404282795
798,-3.200136262272335
799,-3.8238734982042173
800,-4.022959342387794
801,-4.036085418664099
802,-4.007654472921541
803,-3.4591005644068225
804,-4.802858366291519
805,-1.816116316230758
806,-4.862686531539689
807,-4.855224720567024
808,-3.3139869203995804
809,-3.678416593954379
810,-3.605094807708332
811,-2.8134629957509607
812,-2.8310966924259895
813,-3.7214729743420136
814,-3.1159283711783674
815,-4.436258536333155
816,-2.835817100502624
817,-4.126836542884095
818,-2.9164166148366593
819,-2.94117848350107
820,-3.1301787702469697
821,-2.277919113551456
822,-4.097875531502187
823,-5.292703834299582
824,-3.8514016027964533
825,-3.4965608450660155
826,0.15461968611951912
827,-2.4064955428296346
828,-4.716739503126146
829,-6.486423709027613
830,-4.15161485080456
831,-3.0644504099028347
832,-2.6083562066765706
833,-2.47884138883641
834,-4.377451889159546
835,-3.6379780901285
836,-5.53794496121927
837,-4.675645378548993
838,-3.8130698610880382
839,-3.3092786274887276
840,-4.253080479881079
841,-3.891494997698129
842,-3.649081392444266
843,-3.2258592719939227
844,-4.175994436426999
845,-3.8789682800170735
846,-3.8356522249183644
847,-4.149095130350365
848,-1.5465475486659226
849,-3.069846050007727
850,-2.396659349090084
851,-3.8661440011650585
852,-3.542727596871055
853,-3.5949685125406217
854,-3.7041897615665604
855,-3.885471049367937
856,-5.457995138659491
857,-3.80276180043498
858,-0.7428061778571233
859,-4.752817330078847
860,-4.525084724845392
861,-3.064416629658294
862,-2.848277499664977
863,-1.393456868177469
864,-3.9903226958050024
865,-4.442995059458647
866,-3.8182853866704893
867,-4.577494980536522
868,-3.6911975688493524
869,-2.6954238595187032
870,-3.816154733165581
871,-3.764908347067829
872,-4.739363631343041
873,-4.158697518190914
874,-4.289205129567479
875,-5.282577307739827
876,-4.501325470587183
877,-4.26996973508913
878,-1.356101810221923
879,-3.8237019522576023
880,-5.523507921354868
881,-3.6243063660760466
882,-2.8953370696641416
883,-3.9673230001936464
884,-4.044005652162481
885,-1.8012061969877562
886,-4.030383841824339
887,-2.1514167167089826
888,-5.003168835294676
889,-3.956710105342723
890,-3.9458017465688515
891,-3.636503552472186
892,-3.659581227596888
893,-3.9494856475678075
894,-5.557845610902713
895,-4.564287514929943
896,-3.5537627003569003
897,-3.7986477356731867
898,-3.9037344517672126
899,-4.523993025588933
900,-5.348581732711893
901,-3.5894309491514282
902,-0.3413342658329018
903,-1.3949028581212914
904,-5.007188024538102
905,-3.121776730186763
906,-4.064599870180304
907,-0.6711172208582694
908,-3.542945976903829
909,-5.005631027776049
910,-3.4838489283465757
911,-5.6409171781918
912,-2.9569800679785185
913,-2.64128254565652
914,-3.856106498856707
915,-3.686585012159507
916,-5.123822853388694
917,-4.297720466717701
918,-4.171005923827784
919,-4.986865721445377
920,-4.971387995411134
921,-1.1115368510246282
922,-3.371601485122937
923,-4.150447710098971
924,-4.253471838598696
925,-5.347353146691571
926,-5.2491176681398874
927,-1.448019706178592
928,-2.7857618789898964
929,-3.3533385430730656
930,-4.833607127511528
931,-4.468749306815359
932,-2.952627684504151
933,-3.7831320727524247
934,-2.861201809039153
935,-3.029741868205599
936,-4.133603616891516
937,-5.070294322748949
938,-4.426213915887995
939,-4.173719233705442
940,-3.973552820902846
941,-2.620363118177217
942,-3.827405027271243
943,-3.3800606337698187
944,-5.424832909907065
945,-2.5047996938942725
946,-3.6217809988834393
947,-2.688276580855823
948,-3.498332758830088
949,-4.210044256591201
950,-3.507941955443473
951,-5.021930893041739
952,-3.8400292899678496
953,0.3027429463880968
954,-2.6240852991999857
955,-1.7496000990335283
956,-3.6678331618870486
957,-4.237401169673574
958,-4.197804854219587
959,-3.359297177416089
960,-3.284374172757964
961,-4.710396835377316
962,-2.2097434111351046
963,-3.7394274008575263
964,-2.2187384588483074
965,-0.6569766682082238
966,-4.185405546281596
967,-4.4740262256783865
968,-4.568585570802732
969,-4.5049996612950975
970,-3.3817369957834797
971,-3.1370808951709255
972,-3.930663135765433
973,-3.504119678028652
974,-5.64025615230829
975,-0.17507051498420306
976,-0.06894609163513235
977,-3.5374570482538785
978,-3.777005741424013
979,-5.444894146905856
980,-3.890935584406892
981,-3.2712740639519295
982,-3.0506241626649504
983,-3.7254395560320823
984,-4.69534058016076
985,-3.7272940281777407
986,-3.83508193942563
987,-1.9244898575000062
988,-4.083359127930379
989,-2.7509757566755306
990,-1.2235102916621932
991,-3.605331995160145
992,-4.636086175997335
993,-1.5503640909023606
994,-4.768789804010557
995,-2.416390153302569
996,-3.4031573285550736
997,-3.5163080215890177
998,-3.485938406425289
999,-4.246944090570254
1000,-5.3212831572057215
1001,-1.9840615140239637
1002,-5.587357647225655
1003,-3.358334919236316
1004,-2.940925040472987
1005,-3.698114057785877
1006,-2.6750975455694093
1007,-3.709171483190014
1008,-4.086273234072983
1009,-5.206571996625482
1010,-2.626513018431392
1011,-5.114980037573263
1012,-4.194950533708682
1013,-1.7926174195430877
1014,-5.341486600775853
1015,-5.1171055192309645
1016,-1.9205046260554497
1017,-2.851469026006772
1018,-3.9763567709121843
1019,-4.5194588516145195
1020,-3.9473496315992036
1021,-2.3594360689781975
1022,-2.2794778378602962
1023,-4.491079773162229
1024,1.1882429451860006
1025,-3.9566408330214555
1026,-3.0522488947684407
1027,-3.5598416931082615
1028,-5.181396575141218
1029,-4.936478636753491
1030,-4.635825465487649
1031,-4.112071234356122
1032,-5.652459185059367
1033,-4.323925985414931
1034,-3.7596781124931167
1035,-3.6913838618288466
1036,-4.271167976067646
1037,-2.336568131255605
1038,-2.2447629457369134
1039,-4.439659965641488
1040,-5.9685812864139836
1041,-2.5891679560521337
1042,-5.459616576723462
1043,-3.399319038467531
1044,-4.156448487792217
1045,-5.203452767330385
1046,-3.7560776449994093
1047,-3.5637240703065456
1048,-5.1950894689150005
1049,-2.9330957319835083
1050,-4.182260751299856
1051,-2.757391470956578
1052,-5.3108033070206115
1053,-5.637317475677645
1054,-4.367000207905478
1055,-4.115320096770864
1056,-2.972403005192556
1057,-1.8839549014539143
1058,-4.101463505599052
1059,-2.2597410475503383
1060,-3.115095807312194
1061,-4.513248045031823
1062,-4.650800359602683
1063,-2.8637800403745173
1064,-3.504062755653594
1065,-2.7138500483083505
1066,-3.1397486883445826
1067,-2.9073487965228106
1068,-3.1848701687396246
1069,-3.2602070030754455
1070,-5.578613500271664
1071,-4.682055597194218
1072,-4.467563571142537
1073,-3.29114483430586
1074,-3.738893931164468
1075,-2.4536660264968875
1076,-3.9939480857297003
1077,-4.45229390728166
1078,-4.1790526836531825
1079,-3.4977607847919985
1080,-2.7492647769376632
1081,-4.959143630518383
1082,-4.22373852526652
1083,-4.560436349992614
1084,-4.479937085653965
1085,-3.1299172903424166
1086,0.20007133909198618
1087,-1.8202405546987073
1088,-2.89042263592171
1089,-1.640660418153154
1090,-3.7098081576859223
1091,-2.544879712285687
1092,-4.515220165620895
1093,-4.911827748052357
1094,-4.5929074387286475
1095,-4.394888252249838
1096,-6.007554253823231
1097,-3.9640548711051666
1098,-3.8611257052784107
1099,-3.0619040550821834
1100,-4.28061768376991
1101,-4.760661678766639
1102,-6.422777843431988
1103,-4.732878651299206
1104,-5.856383871477802
1105,-3.4041684877087603
1106,-3.5603900895525706
1107,-3.427695822466573
1108,-3.0118676481476943
1109,-4.419643408692044
1110,-3.795008607077409
1111,-4.441020325670304
1112,-5.758897238095912
1113,-4.67197125568895
1114,-3.633366561581872
1115,-3.0030868700924973
1116,-3.392496481683344
1117,-3.808001263461432
1118,-3.375789238627076
1119,-4.658608264986136
1120,-5.50236937204067
1121,-3.3999055898445354
1122,-3.767450951307134
1123,-3.3357318555565465
1124,-0.8069324648013938
1125,-2.404121364419501
1126,-3.366229937973588
1127,-4.965483348826481
1128,-4.189407758775089
1129,-3.7290969761766672
1130,-4.161703868192516
1131,-2.965826817739316
1132,-3.9466552586098596
1133,-4.947894206996255
1134,-5.046753558558345
1135,-3.717973580447372
1136,-4.718643951929307
1137,-3.830826507130685
1138,-3.1746007165717933
1139,-1.0920228943768446
1140,-3.91857727306098
1141,-3.862385441533361
1142,-4.014308702288977
1143,-2.1556119650383923
1144,-4.261190341696667
1145,-3.305000291115653
1146,-4.214544237319097
1147,-3.7358310439665487
1148,-5.320200700741978
1149,-3.855381827598016
1150,-4.3355999270864976
1151,-4.572119842384152
1152,-3.5400195112921673
1153,-3.9705404179200854
1154,-4.651072286169677
1155,-3.0018969888104876
1156,-4.359177623477586
1157,-4.8746284126001225
1158,-3.2748592340316356
1159,-3.6759878925132856
1160,-3.991300047470544
1161,-4.484041375135051
1162,-2.591001513405387
1163,-3.460191643730786
1164,-3.29387117211512
1165,-3.44708680615376
1166,-0.6577408565499245
1167,-3.0623194681764714
1168,-5.137828457034165
1169,-3.839705073809445
1170,-4.778903852618117
1171,-2.9360325929934254
1172,-4.426643724634972
1173,-3.990832603566747
1174,-3.005612507979492
1175,-4.098058334205861
1176,2.0439308411475605
1177,-3.681880133467784
1178,-3.423406698042929
1179,-4.0377923123750685
1180,-4.430152050917552
1181,-4.140847243204632
1182,-3.396969269668255
1183,-2.856379141821507
1184,-5.600954476108366
1185,-3.6296782659922884
1186,-3.2087256730025167
1187,-4.3942327402054815
1188,-5.145040355108939
1189,-2.8322088099334497
1190,-3.9189824895839873
1191,-4.005575565071827
1192,-3.42692064718902
1193,-4.439123658109462
1194,-5.121832746463261
1195,-0.2317026803496415
1196,-4.18071968649638
1197,-4.808330394490029
1198,-1.6460276029913683
1199,-4.442703961554128
1200,-4.976158330964871
1201,-1.897523346694219
1202,-4.343471055140931
1203,-4.8570397778668095
1204,-5.033895341723237
1205,-3.3986754240679784
1206,-3.4024226943196365
1207,-3.8995124706960076
1208,-3.5255188597223985
1209,-4.116786866524291
1210,-3.7214541135802235
1211,-3.8897499381035794
1212,0.905461579759024
1213,-4.05232232308446
1214,-4.848075818172813
1215,-4.298155178209023
1216,-2.6790384718762588
1217,-2.8823401048389488
1218,-4.037570155191588
1219,-1.3993505208536885
1220,-2.672892905582724
1221,-3.7524797813723656
1222,-1.6637875594922351
1223,-4.76497726409666
1224,-4.00699862431882
1225,-3.4941487556299133
1226,-4.91293264387131
1227,-3.070997435476606
1228,-0.6873124932129544
1229,-4.8940490430880725
1230,-4.048056890591147
1231,-4.025766169893043
1232,-2.607893001114278
1233,-2.3943066440340823
1234,-3.6455877948552238
1235,-4.632260320566051
1236,-4.422856473849095
1237,-4.5475010839412535
1238,-4.1085684421737465
1239,-2.8520590524920806
1240,-3.1261386658858887
1241,-4.810071329119872
1242,-5.424582181701375
1243,-4.941167752364253
1244,-4.068754065526224
1245,-3.078904866162161
1246,-4.496562334702419
1247,-3.5655095351780086
1248,-4.21790656446943
1249,-1.8439298222332579
1250,-4.533742753178456
1251,-3.3887443105321338
1252,-3.8995552755356684
1253,-3.5388613806020306
1254,-3.801937857417896
1255,-5.806281886447963
1256,-4.4722940348532605
1257,-5.057753733119886
1258,-1.9227719715668226
1259,-5.547125204414861
1260,-0.8605840696187803
1261,-4.443586757139994
1262,-4.868825716392832
1263,-2.842259415298418
1264,-2.6658812442342024
1265,-4.887002783758158
1266,-4.289399346091409
1267,-3.4613280142818947
1268,-2.787023544856842
1269,-4.0299941306639555
1270,-5.369141255627475
1271,-2.4951048670238687
1272,-3.4109571885667873
1273,-5.3719432893620125
1274,-2.5869916498967185
1275,-2.921670397562199
1276,-4.736114723046211
1277,-4.405478991445141
1278,-3.0512961190618837
1279,-2.4103168108341806
1280,-1.0841574713892053
1281,-3.6572941505166625
1282,-4.585263969401945
1283,-3.8790108348194114
1284,-4.475824872630887
1285,-1.5248278960523272
1286,-3.986457073465376
1287,-4.0052430476614465
1288,-4.46678482628913
1289,-4.139749230701425
1290,-1.3074207425033673
1291,-4.270401223507074
1292,-3.986732104862194
1293,-3.4376202546032917
1294,-5.680783772257023
1295,-3.0626430275688534
1296,-3.9988240329180105
1297,-3.0012666752747412
1298,-2.749330579707762
1299,-5.6139272275271415
1300,-4.182231643866248
1301,-2.324651824232102
1302,-4.291971310823702
1303,-4.163714528979328
1304,-4.67074617877584
1305,-4.249402852563827
1306,-3.735686968365438
1307,-6.090242274018758
1308,-4.194210767071806
1309,-1.3467382146796258
1310,-3.590118212610038
1311,-2.8956658271454074
1312,-4.017468783481081
1313,-4.930287678521674
1314,-3.004604769691814
1315,-2.8977615850630762
1316,-5.380186229368193
1317,-3.0305727743241024
1318,-2.996352304438485
1319,-2.7621333336291856
1320,-3.052487052718747
1321,-4.099681906485741
1322,-3.1441837544319338
1323,-3.0891154840334996
1324,-3.5014929565525965
1325,-2.401105361628982
1326,-4.82240288015854
1327,-4.920698244072056
1328,-3.924084925845629
1329,-4.6156336561118065
1330,-1.8585398366867494
1331,-3.1108532547096988
1332,-2.6177028838650624
1333,-5.277577312651967
1334,-3.2903600051318262
1335,-3.3982895658625503
1336,-3.260939872047397
1337,-1.9441586500779384
1338,-4.9365931078141
1339,-4.336452830770875
1340,-2.5023092136610483
1341,-5.649300919344864
1342,-2.9985782709495523
1343,-3.2186792603177357
1344,-2.4544167651288595
1345,-4.7718124468711025
1346,-4.843610083323057
1347,-2.803795315319978
1348,-3.6599455603444535
1349,-1.6871748748846622
1350,-2.3823909521925732
1351,-3.3724889944169085
1352,-5.121926250938173
1353,-5.400527760414918
1354,-1.863167070117252
1355,-4.1566601172028985
1356,-3.902326199212739
1357,0.6469843204374572
1358,0.735835627269287
1359,-1.8804554735329069
1360,-4.446471600570259
1361,-2.6283640345005477
1362,-3.128479204180863
1363,-2.5732445999725626
1364,-4.438089448710947
1365,-5.255632082098412
1366,-5.179800893079261
1367,-4.102512622555926
1368,-3.0336652451535495
1369,-2.488505316555215
1370,-4.108977608480222
1371,-5.318247901702984
1372,-3.924983194881906
1373,-3.830036793213029
1374,-4.694262582538543
1375,-3.664453338712962
1376,-3.8517537041111174
1377,-2.323805540939015
1378,-2.619474528269341
1379,-3.0115526379895443
1380,-3.8888782226029943
1381,-2.6717908441068103
1382,-5.237091833202618
1383,-4.592310875846331
1384,-4.0220655430959535
1385,0.5871028121089129
1386,-4.909225307391995
1387,-3.802445407570416
1388,-3.3002757963519636
1389,-3.881473413750017
1390,-3.870183592191481
1391,-4.057216601575625
1392,-3.477960550762532
1393,-5.811214618335684
1394,-5.064450679553012
1395,-3.9830980002612923
1396,-4.04735143027135
1397,-3.464829302315472
1398,-2.917590395628419
1399,-2.657188478910089
1400,-2.760948713877483
1401,-3.9215097173655806
1402,-4.322330548763007
1403,-4.228552554484271
1404,-3.4224822322363817
1405,-3.993601913073511
1406,-2.9771109752862754
1407,-4.438172516649832
1408,-2.090782181586895
1409,-4.928652464638443
1410,-3.614683184047589
1411,-4.062060189154011
1412,-5.571131941530135
1413,-3.3779863810088977
1414,-2.8545220728596834
1415,-2.0136954626045798
1416,-3.601996129667871
1417,-5.3780663882330915
1418,-4.165117750403695
1419,-2.8575212607816383
1420,-4.43086429410318
1421,-4.246282869341381
1422,-2.5348174357471662
1423,-4.07490018776396
1424,-4.72734231919898
1425,-5.286631806198605
1426,-4.611062339110903
1427,-3.604841027122252
1428,-5.587889009687541
1429,-2.7012310961916355
1430,-5.254732938343761
1431,-5.395787542448118
1432,-4.005120768048898
1433,-4.238834108079319
1434,0.6604978114397436
1435,-2.680249034234867
1436,-2.4503963212026703
1437,-4.733274986076813
1438,-3.9662052897967577
1439,-4.702725496197337
1440,-4.142630126550935
1441,-4.383104191330303
1442,-3.93728552954244
1443,-3.900856003881893
1444,-5.717990215958881
1445,-5.835773399743854
1446,-4.560421357854947
1447,-3.5749818474742527
1448,-5.318120554052755
1449,-2.7486360708655178
1450,-3.5474496379430387
1451,-3.6204687240548235
1452,-2.591033015106503
1453,-2.67901362593433
1454,-3.268551540022472
1455,-2.8513106189474073
1456,-3.4190352942189595
1457,-3.2586660039704785
1458,-4.181705240869803
1459,-4.757021881430679
1460,-3.990620671384082
1461,-5.011238024824181
1462,-5.398361279655871
1463,-3.702559460331788
1464,-4.109150186887281
1465,-1.045841978409841
1466,-5.134814644956193
1467,-4.473901190430181
1468,-3.2626441534217747
1469,-3.172813155015446
1470,-3.7069872727422215
1471,-4.7089773277502225
1472,-3.4989115584686847
1473,-1.3410070300829768
1474,-3.3450944641807956
1475,-3.6120870403284386
1476,-4.686597393869074
1477,-2.482096064249994
1478,-2.825916659755873
1479,-3.377969303799036
1480,-4.7174954346996385
1481,-4.290662572071696
1482,-2.795799491472198
1483,-3.5656941357476226
1484,-3.4701900727907447
1485,-5.017849202377559
1486,-4.537325227970442
1487,0.45507194577926086
1488,-3.487602458694588
1489,-5.483572285218289
1490,-4.409685045189659
1491,-4.041340876436462
1492,-2.436504199794994
1493,-4.707496187405465
1494,-2.5071916209825917
1495,-3.76212669699581
1496,-3.9178214540942076
1497,-4.346310269583913
1498,-2.187261949854284
1499,-0.2196377121376639
1500,-4.740872911854757
1501,-4.063585400901365
1502,-3.989616104969854
1503,-5.318640222150712
1504,-3.307057942555867
1505,7.515524980472725
1506,-4.67565585534171
1507,-1.6268378247488409
1508,-3.118624382714131
1509,0.17367488234359837
1510,-3.6108542568454434
1511,-4.9472693499992
1512,-4.33595909990955
1513,-3.9012700803976066
1514,-4.749119458067182
1515,-3.4208415844108764
1516,-3.2939391809124974
1517,-3.5838914419426104
1518,-4.115648975584728
1519,-5.060071453125828
1520,-3.307196417772873
1521,-4.565298241054842
1522,-3.930750037764464
1523,-4.13075700319078
1524,-1.4836699167938585
1525,-3.7733273297784513
1526,-3.0243278587767124
1527,-3.4489154823987076
1528,-3.5166054881032642
1529,-2.304471534981754
1530,-2.9140690356411296
1531,-4.044833990894097
1532,-2.4289569656617145
1533,-2.830202758576472
1534,-2.657205035744549
1535,-3.3239781429042754
1536,-5.050970844496553
1537,-2.694931755438968
1538,-3.6845215689679836
1539,-2.637784882739448
1540,-2.027040333944345
1541,-3.523169914755503
1542,-3.5176431562483383
1543,-4.278870749354386
1544,-4.600692739428658
1545,-5.577250437811999
1546,-3.7529210016241246
1547,-4.857577283185601
1548,-3.792424786828496
1549,-4.21475282745886
1550,-3.274933993850246
1551,-3.1094202641017796
1552,-4.657997017159251
1553,-3.5542134285678033
1554,-2.329401430665178
1555,-3.194908812872025
1556,-3.721666495468152
1557,-4.822782492621238
1558,-5.897243393159969
1559,-2.062519410934754
1560,-4.454719550112602
1561,-4.638704354475221
1562,-3.872011280933801
1563,-3.8746274094860027
1564,-1.5860606691093107
1565,-3.264467778234158
1566,-4.540499454011681
1567,2.4434785240637873
1568,-4.292441620279779
1569,-3.955079097682755
1570,-6.306871673861674
1571,-5.096234710645674
1572,-4.39361212455585
1573,-3.556404936707399
1574,-4.913608430710815
1575,-4.7255976570719795
1576,-5.532399454446403
1577,-3.6144422408487142
1578,-3.7780770667306895
1579,-4.0819310102989315
1580,-2.6414932222603076
1581,-4.170434411203284
1582,-4.778762560309577
1583,-4.658094554071462
1584,-3.80249033590708
1585,-5.051361125112273
1586,-4.014826073017362
1587,-2.165761930317954
1588,-0.6664754689233546
1589,-3.073842845887998
1590,-3.00727433564035
1591,-5.7541960155379135
1592,-2.165499661401931
1593,-4.3484996001723
1594,-1.9956360749343682
1595,-2.4788982911315727
1596,-4.684576899405276
1597,-4.536416848970901
1598,-3.4838578719938655
1599,-3.303487637161063
1600,-4.181951442689413
1601,-2.7193110720466716
1602,-2.4421409359545865
1603,-3.288475953958155
1604,-4.275439869535903
1605,-4.219085779371998
1606,-4.779306700921919
1607,0.32948219980632126
1608,-5.35880978490527
1609,-4.125474560558396
1610,-5.714228617472649
1611,-4.939364285234076
1612,-3.1920153116061663
1613,-3.4730275522650698
1614,-2.0898836966777923
1615,-4.879806957697143
1616,-2.929566751466094
1617,-2.9869016044772536
1618,-4.717264040544591
1619,-4.457109045181298
1620,-4.422142334202345
1621,-4.5096414134125204
1622,-5.046275748487578
1623,-4.813660828398789
1624,-2.898078532141066
1625,-3.0329696834910407
1626,-4.181616632479996
1627,-3.3382171044322786
1628,-1.5511138107072766
1629,-4.553128523255974
1630,-2.831291785795678
1631,-3.3184438810655412
1632,-4.915010840654107
1633,-4.062495642742428
1634,-2.057760325705755
1635,-1.3715563970421933
1636,-5.526094255750577
1637,-5.573912489243407
1638,-4.713184240815937
1639,-4.258912383144923
1640,-1.8021879346309417
1641,-4.698152850570714
1642,-3.7457230910427715
1643,-5.598305525023466
1644,-5.333370509681345
1645,-4.046683675097685
1646,-2.424484940741232
1647,-5.26055358849281
1648,-5.204740709919897
1649,-5.468771985986708
1650,-4.724300831039022
1651,-7.529723015020619
1652,-3.3270665494014886
1653,-4.859489011559043
1654,-3.4995021430477706
1655,-3.142366545557318
1656,-4.3948854344160315
1657,-2.4571712847390534
1658,-2.011388596228219
1659,-3.747185790180049
1660,-3.427787895876978
1661,-3.483722014825157
1662,-3.1850141093185864
1663,-4.286133485188654
1664,-3.9772710029215697
1665,-4.829627132913662
1666,-3.0160538138486204
1667,-1.9422325721821576
1668,-4.556753174522397
1669,-4.644150835001793
1670,-4.559260849789289
1671,0.5536776680255829
1672,-3.8317272114356395
1673,-5.16094681755383
1674,-1.5783719290751683
1675,-2.529265666488633
1676,-4.259594983638052
1677,-4.491557010851971
1678,-2.759481779081207
1679,-3.4658729030357542
1680,-2.96727709063483
1681,-3.06804957555807
1682,-3.3407729396110715
1683,-4.800644379600088
1684,-3.939919227838093
1685,-3.021436207933442
1686,-4.469835583646499
1687,-2.989767094566128
1688,-4.828569000896715
1689,-4.7172186500697295
1690,-0.7007061503253716
1691,-3.841140122404815
1692,-4.804653587249311
1693,-3.266174521200163
1694,-3.6187722723204447
1695,-4.441354791538491
1696,-3.0717271713497385
1697,-4.21253122311621
1698,-4.135877230188191
1699,-1.1520927208755032
1700,-5.161830175823462
1701,-3.7551088733354194
1702,-5.52718430541678
1703,1.0402288890125109
1704,-2.6048451853046806
1705,-2.700576806943823
1706,-2.3774583545830263
1707,-3.496982981525635
1708,-3.341287501962751
1709,-3.9192619195835867
1710,-4.218094948477663
1711,-2.6263092157187704
1712,-5.505105005779638
1713,-4.055414494698477
1714,-4.468890454472839
1715,-4.162102400217489
1716,-3.238812962415335
1717,-1.809360648029227
1718,-3.425975891762429
1719,-3.0188006029962327
1720,-4.619385419042468
1721,-4.815350287269596
1722,-3.877929616104803
1723,-3.5422370522340003
1724,-2.596283736165115
1725,-5.053679259295177
1726,-3.950511657452486
1727,-3.554333081433196
1728,-4.425524913455032
1729,-4.4520700952281285
1730,-5.240974096628299
1731,-3.3238477563445095
1732,-3.1761311691735625
1733,-2.121746867306347
1734,-3.5027610348991085
1735,-4.4080054564080005
1736,-3.9575111410824393
1737,-3.0985127597137625
1738,-6.315254059029068
1739,-3.456511862827756
1740,-3.127987292085538
1741,-3.7117108521155657
1742,-4.867384959461635
1743,-4.806551548394522
1744,-1.9040191245461355
1745,-5.643413040343032
1746,-2.8579541917493274
1747,-4.659257099247886
1748,-1.615187045291266
1749,-5.485293190920436
1750,-2.5986836211993487
1751,-3.551576913595522
1752,-3.6599068304465607
1753,-0.38931264021351386
1754,-5.203944177263191
1755,-4.4776731202438445
1756,-3.5976707049939223
1757,-3.920003300426146
1758,-3.958956654297835
1759,-5.053314625643134
1760,-3.614163101453363
1761,-3.3672690442752677
1762,-4.066664498507107
1763,-2.8284737560153004
1764,-3.7643739129302465
1765,-3.2246684063368103
1766,-4.280690141845706
1767,-6.029102967650614
1768,-3.3773244610315403
1769,-3.22175942525261
1770,-2.761538472139534
1771,-5.320868288475473
1772,-4.558815628642547
1773,-5.086082713431295
1774,-4.391600036798232
1775,-3.139756018105139
1776,-2.8318341714081265
1777,-3.8632465254777246
1778,-4.595755713909754
1779,-5.239872854127788
1780,-2.2244441548060196
1781,-4.034437628929982
1782,-2.198701300956628
1783,-2.715583945814301
1784,-5.316839686539258
1785,-4.633265774223659
1786,-3.4816793558231955
1787,-3.5634426172874307
1788,-2.645883625618042
1789,-4.138507716526676
1790,-3.5348778886454384
1791,-5.091618596352914
1792,-4.60302107759807
1793,-4.2000910497394734
1794,-3.0670717823490388
1795,-4.714314390089778
1796,-3.8476733106980947
1797,-4.043585547525175
1798,-3.605171985772109
1799,-3.482373818068437
1800,-4.203639339648694
1801,-4.1572770591643815
1802,-3.4156552806312623
1803,-3.394893864937151
1804,-5.527188477931765
1805,-4.328600474542463
1806,-3.493311216868212
1807,-3.559979290574245
1808,-0.5027818728156548
1809,-5.703460826229451
1810,-4.232241448102377
1811,-4.576457364142939
1812,-4.116490269100005
1813,-2.5158492741123393
1814,-5.142299835131477
1815,-2.682793986083087
1816,-5.648615682925421
1817,-3.6445846689817785
1818,-2.580043309916385
1819,-4.381280387966775
1820,-3.147011326483183
1821,-3.4062889188964394
1822,-2.8260006612813484
1823,-4.126955518310057
1824,-4.544152316096674
1825,-3.192611711786183
1826,-2.5730282667710305
1827,-3.8850020382967587
1828,-3.143538752208842
1829,-4.173859570519016
1830,-4.087866498402162
1831,-3.057715136672241
1832,-3.30203207455743
1833,-4.623289472499767
1834,-4.67257025951779
1835,-2.848420107086245
1836,-3.3699612135171444
1837,-3.1371911317265044
1838,-3.9202576145026593
1839,-3.272712064085292
1840,-2.4421855369124477
1841,-4.198168624431804
1842,-5.3339532249616
1843,-3.5735788554618044
1844,-3.9417397129968457
1845,-3.2488660240555003
1846,-2.953601034080559
1847,-4.300403376751079
1848,-5.154192882801435
1849,-2.9914083060917895
1850,-3.9316391879943513
1851,-3.9033051232012985
1852,-5.251101191992893
1853,-1.8895649264994656
1854,-4.757085967551089
1855,-3.6385403409297203
1856,-4.403718345428548
1857,-5.047013179313534
1858,-2.783795259616759
1859,-3.721780014119941
1860,-1.0335233991019497
1861,-2.4387562562227854
1862,-4.052891843790996
1863,-4.671889278224547
1864,-4.038742966057969
1865,-3.569929912805827
1866,-2.7964804990803254
1867,-2.917982505646088
1868,-5.089047577563983
1869,-5.361122252259187
1870,-2.4174570506278443
1871,-2.3644730204226194
1872,-3.2117466457153188
1873,-3.33216992430144
1874,-3.8116308653310327
1875,-3.6149911791099343
1876,-5.054177458331392
1877,-2.932673055740106
1878,-1.1942579835362945
1879,-2.4548192498011314
1880,-4.543019382922057
1881,-4.325905885907756
1882,-3.644401473995462
1883,-3.271933459045395
1884,-4.341587760940029
1885,-2.3280824914538663
1886,-4.902934572700361
1887,-4.891121728740905
1888,-3.833775167238611
1889,-3.8782140665040576
1890,-6.434294483248972
1891,-5.5635425080079575
1892,-1.9033155858754285
1893,0.012342794672109596
1894,-2.8351281013559344
1895,-3.625204268494439
1896,-3.991039236749242
1897,-3.9539733493841442
1898,-4.709011485645077
1899,-2.909551802555195
1900,-2.570392922639429
1901,-4.329980808371864
1902,-2.921551932797116
1903,-3.9470289436182475
1904,-4.007037722623921
1905,-3.736808745403123
1906,-6.192430607437437
1907,-3.1237864459836655
1908,-3.215294943346429
1909,-5.066625675885477
1910,-4.0606792079187475
1911,-2.1278522508361246
1912,-3.1893061738438266
1913,-3.2513668568170697
1914,-4.743266535275087
1915,-5.06012011302351
1916,-3.954374977158874
1917,-3.7219601217791203
1918,-3.074970462452684
1919,-4.427020618978069
1920,-5.594799936566348
1921,-2.828342368116059
1922,-2.8942100352574127
1923,-3.8551793451662064
1924,-4.762188707330048
1925,-3.0244734783589666
1926,-3.697076053953914
1927,-5.240908391093382
1928,-4.484892957958009
1929,-2.6866296250839907
1930,-2.4776425914219917
1931,0.7790015988063249
1932,-3.872459689531068
1933,-1.582332649811394
1934,-3.361425552245166
1935,-3.9701319707650073
1936,-2.683998794120152
1937,-4.436424314414214
1938,-4.451396745353041
1939,-3.9268862624421033
1940,-4.048214036698636
1941,-4.413107131857109
1942,-3.8543092082013057
1943,-3.6390912236053823
1944,-4.314669843719208
1945,-4.373697033073619
1946,-1.2667595093700763
1947,-3.8102593348921405
1948,-2.555574992068072
1949,-4.008237904949059
1950,-3.987217015626634
1951,-3.2276964058016127
1952,-2.4979269390499
1953,-3.3188486902304426
1954,-4.0349621395588695
1955,-4.963289848421844
1956,-3.7065256079631292
1957,-4.621458410852295
1958,-4.049681478244375
1959,-4.648995099969215
1960,-3.9350883103497027
1961,-3.932870754772084
1962,-4.0112168483785
1963,-4.034012803567711
1964,-5.08246554950883
1965,-4.144702746198635
1966,-2.9552313424361887
1967,-3.223331189861377
1968,-3.9598547487293283
1969,-3.1043025005988993
1970,-4.068451260106196
1971,-3.1613798782484865
1972,-5.1352089143918045
1973,-3.2932219057127914
1974,-3.8073874922603714
1975,-1.8367699507977842
1976,-2.5844716187595265
1977,-4.416740425190911
1978,-6.539584524141232
1979,-2.9068571893030946
1980,-1.839587401779007
1981,-4.802727523005908
1982,-3.1371280128361603
1983,-4.566079999822351
1984,-5.340943916165981
1985,-3.284717945659392
1986,-2.876093477985254
1987,-3.4407748346493396
1988,-4.3163466195083755
1989,-4.395631595010328
1990,-2.1106416800239005
1991,-2.397295060125923
1992,-2.6959981810347164
1993,-4.057687394959304
1994,-4.540328055413253
1995,-4.16733616567501
1996,-2.5601554978682484
1997,-4.5662156674333625
1998,-3.7483184963903247
1999,-3.3092905036731404
2000,-2.7082083269796167
2001,-4.019634268483742
2002,-2.919627156272727
2003,-2.7188552072991117
2004,-2.782231734076833
2005,-5.594785460452755
2006,-3.318799532181669
2007,-5.242695723621871
2008,-4.004291196241288
2009,-4.504684035274236
2010,-2.1859937149985535
2011,2.6141017570392044
2012,-4.267159981497501
2013,-3.2190920974107504
2014,-3.0039244212091005
2015,-5.115460194467998
2016,-4.317312542236209
2017,-1.4085797323300122
2018,-2.028582305432517
2019,-3.567291028442418
2020,-3.4833796374180097
2021,-2.8778787553090392
2022,-3.993531988012685
2023,-2.980759545459406
2024,-4.616004591234121
2025,-4.040826773957603
2026,-4.037861947060014
2027,-4.431566505335017
2028,-3.7143885863360655
2029,-3.330520564495674
2030,-3.164913452980704
2031,-4.143384057089707
2032,-6.029110574369485
2033,-4.435247324325768
2034,-3.5953340365441027
2035,-5.108774762352275
2036,-2.08168624402538
2037,-4.832587036261947
2038,-2.9270807190311507
2039,-3.1761608988846235
2040,-5.333340644763605
2041,-4.904316446164227
2042,-1.2219613242035994
2043,-4.423273508041715
2044,-2.192532923507547
2045,-1.5107593040900917
2046,-1.2713665738657514
2047,-2.314822653367632
2048,-4.241600682303202
2049,-3.7377618886974324
2050,-3.2770646634042793
2051,-3.234458498695499
2052,-3.009250616903208
2053,-3.408144359943166
2054,-4.144308224888963
2055,-3.439496558308519
2056,-4.084650972425813
2057,-3.714488907187853
2058,-4.442822123366887
2059,-3.5595971036149305
2060,-3.6349035013532798
2061,-3.4086029271474407
2062,-3.2546559481636916
2063,-5.680708101805134
2064,-2.3877298149944415
2065,-3.6531802159335265
2066,1.1441375217085858
2067,-3.0241594218388386
2068,-4.05039750572747
2069,-2.6730904739197983
2070,-4.425042816061037
2071,-3.970324371446472
2072,-2.176028141955316
2073,-4.0602694650399505
2074,-2.403352737420486
2075,-3.968459284158292
2076,-4.942400048508141
2077,-5.224323491924063
2078,-3.5465797785932116
2079,-3.057971662646452
2080,-3.9513136336177355
2081,-3.5920129206411655
2082,-5.9388796447990915
2083,-3.7600623033264466
2084,-4.2332496058696805
2085,-4.625155338412654
2086,-4.464807636116549
2087,-3.1031631942351745
2088,-4.513506661132548
2089,-4.31488940938366
2090,-2.875159342474628
2091,-3.6149218727051378
2092,-2.0068349431762513
2093,-4.224500848611564
2094,-3.0936285409193722
2095,-4.564570607994886
2096,-3.1074622161169967
2097,-4.40083757652424
2098,-2.714446157130945
2099,-4.5986581491952405
2100,0.6123206080977625
2101,-3.21873517505182
2102,-2.4967704337105983
2103,-4.0580977033630345
2104,-4.339907551875515
2105,-3.8325884973544637
2106,-4.915599169558499
2107,-5.293118253839286
2108,-3.4129723135544556
2109,-2.4973120793184465
2110,-4.690968623339627
2111,-4.523662937676547
2112,-1.6945272646650724
2113,-3.0638795557509573
2114,-5.10834832071265
2115,-3.73516708903486
2116,-4.3553823426486336
2117,-4.907253826321732
2118,-4.325724329069052
2119,-6.8458179158808985
2120,-4.438539572975096
2121,-3.2189482649645775
2122,-3.6530035982011806
2123,-3.1088188167503845
2124,-6.078045617282939
2125,-3.639900173154972
2126,-4.3275361640514
2127,-4.21044954346378
2128,-2.8520629776940702
2129,-0.7612576536346449
2130,-6.419308299924857
2131,-4.6883069986433865
2132,-2.624352639258152
2133,-4.249878777785778
2134,0.4274564625685428
2135,-2.303197569314517
2136,-3.306568898983215
2137,-3.4144407519959987
2138,-2.742950653914458
2139,-3.394604430657894
2140,-3.182132867418528
2141,-3.8097019817622395
2142,-4.0886466136304
2143,1.4093445690182425
2144,-3.963354801814779
2145,-4.535891765189328
2146,-5.1440275511278815
2147,-2.621914622871305
2148,-4.474052001899485
2149,-3.813077569185435
2150,-5.582156682200851
2151,-2.523723492678503
2152,-0.64154086951517
2153,-2.8123575187493164
2154,-2.7406692253613474
2155,-4.358495222161084
2156,-3.1594100291557177
2157,-3.2597191574808972
2158,-2.948403261084338
2159,-4.040476847438348
2160,-3.4471237946913975
2161,-3.7379163323954447
2162,-3.704276016302694
2163,-3.6419715994385413
2164,-4.235741446434728
2165,-6.279405451035964
2166,-4.572679442650713
2167,-3.574714160242548
2168,-2.8671003036523235
2169,-4.960715524136208
2170,-2.540696626085131
2171,-3.6401821525993423
2172,-3.0066948289135196
2173,-4.1342419195986135
2174,-5.0340939761616585
2175,-6.275939720026337
2176,-4.015978436659237
2177,-5.734750323520129
2178,-3.7158425012912306
2179,-3.6915898611369617
2180,-3.2775958986734075
2181,-4.736672835606039
2182,-2.456307300677692
2183,-3.4993739017588488
2184,-2.0358175244732943
2185,-4.390919562896302
2186,2.1521107493812206
2187,-4.6737175350707885
2188,-3.3168775679064786
2189,-3.361467880152898
2190,-3.3157360303601386
2191,-4.620274377209652
2192,-3.830909826983912
2193,-4.46161675009138
2194,-5.835678238840569
2195,-3.112052114026205
2196,-3.9453897681543117
2197,-2.8343242851267147
2198,-5.47328308481627
2199,-5.391807397487972
2200,-3.32339393776762
2201,-4.336283775854097
2202,-4.357512164474011
2203,-5.297736931627236
2204,-4.077406792883159
2205,-3.2666138341880875
2206,-5.113267231257345
2207,-3.2248183639895465
2208,-2.402469253662244
2209,-2.8059062108699813
2210,-5.3542755617157285
2211,-3.8043203720479526
2212,-4.938295646129327
2213,-2.9055829802311095
2214,-0.7393150241002503
2215,-3.2708904270958685
2216,-4.852682745373312
2217,-4.737196582314259
2218,-5.596291102081421
2219,-4.4746268703765395
2220,-3.362419261079838
2221,-6.005051479669085
2222,-3.9337225252785455
2223,-3.9088521142096444
2224,-3.9037761623983176
2225,-4.217312418472951
2226,-3.0121575513528067
2227,-4.0593657168957105
2228,-3.356218469611811
2229,-4.738362553172141
2230,-3.926162058684864
2231,-4.152547203517521
2232,-3.085075481577078
2233,-4.819515959621673
2234,-3.0026029861681303
2235,-4.797099324418213
2236,-1.8478133619058286
2237,-4.120445822412345
2238,-4.866925470835712
2239,-3.4854243641136877
2240,-2.997279520441989
2241,-3.8800192631347534
2242,-4.775662098977617
2243,-5.167486227275839
2244,-2.202164990477462
2245,-3.7602984320120756
2246,-5.609060722187628
2247,-5.12068977523069
2248,-3.444273068082676
2249,-3.7001567203877936
2250,-0.8211632794017406
2251,-3.7450660588013682
2252,-2.276033819802619
2253,-3.6675534338012663
2254,-2.2345842794978745
2255,-2.90454113191906
2256,-3.557043185151744
2257,0.6436483713237015
2258,-5.644305357519777
2259,-3.223920141573885
2260,-3.939443136806113
2261,-5.027296125514658
2262,-2.6333125282945393
2263,-5.442310184830252
2264,-5.281364800167791
2265,-1.9403375262169902
2266,-3.657774762002278
2267,-3.5612174528907787
2268,-4.76265676478472
2269,-4.884041814389907
2270,-4.590153922923355
2271,-4.26989825349423
2272,-3.724110976682603
2273,-4.17899192397631
2274,-3.4375469642223666
2275,-5.12853307574431
2276,-2.8187226987863796
2277,-4.6632336040036515
2278,-4.914673979018814
2279,-3.0249541004742544
2280,-1.9651976623019143
2281,-2.68208275280885
2282,-3.886714607705146
2283,-3.392709080419171
2284,-4.254098074589028
2285,-4.4876667680463616
2286,-4.695695631424253
2287,-3.50250489417419
2288,-4.000568857245688
2289,-2.9421618872040716
2290,-3.593307807577625
2291,-3.861705286154726
2292,-4.647806141520898
2293,-4.588235360450051
2294,-4.460940267397448
2295,-4.514272650704512
2296,-4.452151902161551
2297,-5.054854632534759
2298,-4.531705261340258
2299,-3.835746822819004
2300,-1.774788051562162
2301,-3.0445023303013663
2302,-3.1925742412510587
2303,-3.550780576077189
2304,-5.721144315565205
2305,-2.317620868652
2306,-2.7038830125298654
2307,-4.001105543221442
2308,-4.513634215362527
2309,-2.3520822419602148
2310,-3.1014173516590064
2311,-4.447965877165598
2312,-5.282974408375422
2313,-2.903511348796336
2314,-4.802377431942961
2315,-4.690596628869229
2316,-2.2013275080172905
2317,-5.137443345765682
2318,-2.1383164431396042
2319,-4.211186709819711
2320,-2.048864736295743
2321,-3.3231868529364035
2322,-5.163946693687033
2323,-3.9410290779602417
2324,-4.541052005898008
2325,-2.5423085930112554
2326,-2.7272850042335026
2327,-2.860416999823045
2328,-4.013694055676561
2329,-4.447386977754849
2330,4.07793692784397
2331,-4.413649295304103
2332,-3.443127716583754
2333,-4.625164715418961
2334,-4.066733635077137
2335,-2.435326138876791
2336,-4.5458202872676505
2337,-5.743651783614761
2338,-2.8301781825869448
2339,-4.197598906277511
2340,-4.660602845513446
2341,-2.460590510235656
2342,-3.767853594079366
2343,-3.429511114740585
2344,-4.642861739869373
2345,-2.7949216516111473
2346,-4.564063154197485
2347,-3.3584422759055674
2348,-4.425662629605554
2349,-1.6051074063976882
2350,-0.061301040820145064
2351,-4.018731756397293
2352,-4.80198948258149
2353,-3.6659930390648916
2354,-1.131996353497199
2355,-3.7734331191200803
2356,-2.887450854200949
2357,-4.451880924310525
2358,-4.1485931465615495
2359,-5.586437150915244
2360,-2.6275746884625653
2361,-1.904277024484953
2362,-5.24664276373201
2363,-3.4959699009127347
2364,-2.6344340628247096
2365,-3.314930650944348
2366,-3.862343127629478
2367,-4.415059802001235
2368,-3.67435295123244
2369,-4.196911532688137
2370,-3.756393520519915
2371,-4.436921209890067
2372,-3.5440238840770664
2373,-2.8940013411166965
2374,-1.3382746438563562
2375,-5.039162219344165
2376,-3.0207168406802514
2377,-2.33804638028111
2378,-3.314655217229534
2379,-4.293106340878909
2380,-3.616433367684623
2381,-3.4199838567985377
2382,-5.045718305590253
2383,-1.9654315378318794
2384,-5.894972020136932
2385,-2.7939813892507286
2386,-3.663095444797621
2387,-2.9341432266102236
2388,-2.9718847174673333
2389,-3.1392353124020134
2390,-5.735712592894252
2391,-2.6252625352878853
2392,-5.59527428580644
2393,-3.4041307061926593
2394,-3.301610150793032
2395,-3.3131162124833327
2396,-4.348104877843658
2397,-3.9367079411766297
2398,-6.124075972994441
2399,-2.5286925389355854
2400,-4.009471617582011
2401,-3.9903550415408713
2402,-5.072413703117691
2403,-3.809864085425168
2404,-3.614569456019747
2405,-2.72714641191296
2406,-5.351741350783328
2407,-4.839524908011338
2408,-3.2910112410172596
2409,-2.3270454688427846
2410,-4.573397095445286
2411,-1.7040999820383937
2412,-4.007828349257158
2413,-3.4677686942543686
2414,-5.40688575172274
2415,-4.825114034638138
2416,-5.351216503272052
2417,-4.167950228223123
2418,-2.820722055383784
2419,-4.203330907051151
2420,-3.7348713263358406
2421,-4.3298858311437565
2422,-2.798348876327139
2423,-3.8160789188942927
2424,-4.132668944567088
2425,-4.033597776336703
2426,-3.1597051870615536
2427,-4.987808242090844
2428,-4.724060266263754
2429,-5.2675511440177765
2430,-3.8573093198720687
2431,-4.480736730073017
2432,-2.026309682294797
2433,-5.042446851419529
2434,-4.425724756795836
2435,-4.121285387246003
2436,-5.330074250682039
2437,-2.672762414107983
2438,-2.9976243625729166
2439,-2.8966472465967943
2440,-3.695500205396175
2441,-4.221377717790923
2442,-4.64075757148367
2443,-0.8610477880149154
2444,-4.083039095591977
2445,-3.575930124917586
2446,-2.3559419476098387
2447,-2.8666431840408197
2448,-4.205823739653832
2449,-4.514265011335819
2450,-2.8617766650942693
2451,-4.031112685347682
2452,-4.01985395881328
2453,-2.8929429237735516
2454,-3.1720599599575037
2455,-2.5453512256686697
2456,-3.312924259273453
2457,-3.1004088337640945
2458,-4.404169002247489
2459,-2.369040489732171
2460,-2.055195453249089
2461,-5.232332268290752
2462,-4.483221391087302
2463,-3.5274513582367932
2464,-4.176326716542214
2465,-3.1006646797756017
2466,-3.022345975311139
2467,-4.767932194294269
2468,1.134991647504939
2469,-4.263965617570726
2470,-5.539441980316946
2471,-3.1317024769455872
2472,-3.6175171076010195
2473,-4.19916815402725
2474,-3.4919098590278357
2475,-3.9510839631397583
2476,-4.281789100386838
2477,-4.011566371068865
2478,-2.473080732001194
2479,-3.815840209822361
2480,-5.2480297406167695
2481,-1.5744630657124483
2482,-0.9137644701974569
2483,-1.85506170205958
2484,-3.3395083450259397
2485,-3.0906644717304252
2486,-4.75235188781569
2487,-4.643391317597705
2488,-5.073606392218406
2489,-3.502309908764229
2490,-3.3643812778755247
2491,-3.523282170581913
2492,-2.3300462504851946
2493,-2.0304342937629687
2494,-2.6294381154821194
2495,-1.913208791872265
2496,-2.9127319472745405
2497,-3.364901234909931
2498,-3.1302053362345563
2499,-3.306445151669174
2500,-5.203428727230247
2501,-2.353031803441751
2502,-2.8773720768691406
2503,-5.189870319249639
2504,-4.390667068674802
2505,-2.4266856918150514
2506,-3.14415484414431
2507,-3.474973228207828
2508,-4.346330265358189
2509,-3.232623194933209
2510,-5.1329488083015695
2511,-2.938110688565052
2512,-3.5138086629605003
2513,-1.0998510167755489
2514,-2.915833449443518
2515,-4.233183126213528
2516,0.18611477616298272
2517,-3.1794573687966436
2518,-2.1748104292055253
2519,-4.4765858320577046
2520,-6.076890908439798
2521,-3.943932352545899
2522,-2.9377388055473457
2523,-3.802398156117126
2524,-3.3014029431296725
2525,-2.9623607808363865
2526,-4.2915476632951535
2527,-3.6904967628746426
2528,-2.9032959251317205
2529,-3.2193355806382984
2530,-4.8073287500616875
2531,-3.0025469303539385
2532,-4.807358195375609
2533,-3.4987158340314233
2534,-5.549668857738457
2535,0.7043233747243443
2536,-5.041149719608166
2537,-4.740855322563021
2538,-3.4989586769417116
2539,-3.6770145474641724
2540,-2.7006395278628705
2541,-3.535326080883147
2542,-2.0174061084890456
2543,-4.417569671577425
2544,-4.621941825701256
2545,-4.346680555458801
2546,-3.3535062595936775
2547,-4.069061551867308
2548,-4.81957067740595
2549,-0.9719910523631486
2550,-3.5738487098232987
2551,-3.2186894734300187
2552,-3.8838127402519365
2553,-4.449766953609137
2554,-3.4206434721625856
2555,-5.936551554343279
2556,-5.126084930895105
2557,-3.7880338387051085
2558,-4.409705065718201
2559,-3.6224163380011465
2560,-4.134956528294651
2561,-5.062388706193526
2562,-4.740140834491111
2563,-6.575703430604952
2564,-4.492862724690111
2565,-5.6852008434587065
2566,-4.081586786168819
2567,-4.946346325411831
2568,-4.842566074258051
2569,-4.975501820269562
2570,-1.818351636937312
2571,-3.540471063562694
2572,-2.7654218277528684
2573,-3.7667028888879197
2574,-2.3962199732367564
2575,-4.416556068058687
2576,-2.823415071475006
2577,-4.511906339482577
2578,-3.1357783742949774
2579,-2.398431190181181
2580,-2.967851475518278
2581,-2.0749452010465355
2582,-3.2138494575768655
2583,-5.034502225742937
2584,-4.315474687425128
2585,-3.3777077284437995
2586,-2.0360176594255908
2587,-2.9354590629957724
2588,-3.863378820011067
2589,-2.100717970183656
2590,-3.843969643050072
2591,-3.8268953668107124
2592,-4.637538744686981
2593,-3.842816610906686
2594,-4.737571239344912
2595,-3.703152388425447
2596,-3.8993611823266
2597,-1.058567448893415
2598,-3.784187702288847
2599,-2.9656727596643457
2600,-3.2241657225807647
2601,-5.23337827532903
2602,-3.8904571671821153
2603,-3.894088890673107
2604,-2.81668409913232
2605,-4.566591674468791
2606,-4.426799607779023
2607,-2.300856076958388
2608,-4.270006322735377
2609,-3.481141815133673
2610,-3.617919324971856
2611,-3.86170457617994
2612,-4.636690104403243
2613,-4.507320802041364
2614,-3.519771295625636
2615,-4.0443655616653755
2616,-3.869591084556793
2617,-3.481249621729124
2618,-0.6756132151094629
2619,-4.2225266550090605
2620,-3.5581299153755923
2621,-1.9506846045708501
2622,-3.047354697801664
2623,-5.496113004730034
2624,-3.5362378038265714
2625,-2.4177012832019487
2626,-4.986526182316097
2627,-3.681246955800186
2628,-3.58709215799077
2629,-3.962545592452257
2630,-4.545590269098323
2631,-3.5729189869239684
2632,-3.045341348931285
2633,-5.109045911373274
2634,-1.6117600183239837
2635,-2.82544155317957
2636,-3.543636288247897
2637,-4.597480036726804
2638,-2.9106924520958133
2639,-0.39380591743792315
2640,-4.477489691738639
2641,-1.0859290910586263
2642,-4.6948069318297065
2643,-0.426335895119724
2644,-4.276665710589042
2645,-0.14075667040353437
2646,-2.048385085936451
2647,-3.2812638729083172
2648,-5.259693212002132
2649,-3.568904217573373
2650,-2.3481085914038786
2651,-4.620647776293502
2652,-2.7662294007417065
2653,-4.410933631908599
2654,-3.655618306467011
2655,-4.672307044387865
2656,-3.1006310278454
2657,-3.386931431045755
2658,-3.6293877585349827
2659,-4.065150541678237
2660,-3.3735270361590812
2661,-2.7053127590523123
2662,-3.131577083675078
2663,-4.313510299124146
2664,-3.250291547791196
2665,-2.630096882830054
2666,-1.481349481910221
2667,-3.3175262939145607
2668,-4.244581914000911
2669,-4.171415010624615
2670,-3.8531332109138074
2671,-3.6579746654974605
2672,-6.120376475283291
2673,-4.769024402527534
2674,-1.9072435241946404
2675,-3.7625478691370207
2676,-4.521971841338018
2677,-3.0841692316637577
2678,-4.970002064277784
2679,-3.559946485083784
2680,-0.9154458775031611
2681,-5.134997121632074
2682,-6.439956475908523
2683,-3.3833152898746865
2684,-6.070967501433495
2685,-2.988780112369806
2686,-5.25344321702729
2687,-3.4647021232151216
2688,-3.4748674879049757
2689,-3.525488525324347
2690,-3.675686453273925
2691,-2.683442998013172
2692,-4.787567120433385
2693,-4.2414512480602635
2694,-5.133216454669917
2695,-2.751165829458953
2696,-4.317883614862118
2697,-4.638872810697978
2698,-4.13270308433561
2699,-4.241841917999219
2700,-4.327316006047128
2701,-5.691451724853329
2702,-2.8543198418068605
2703,-7.007214281587681
2704,-4.6755707828884265
2705,-3.119085163257473
2706,-4.653265606996635
2707,-3.8837801363740723
2708,-4.334989909982894
2709,-4.901544719233527
2710,-4.701874559982572
2711,-2.5922051376899233
2712,-1.9900090140634341
2713,-5.266632597130531
2714,-4.208860888429306
2715,-3.4775935679828818
2716,-4.624683048524414
2717,-3.2266682632503154
2718,-2.882769942893105
2719,-4.195102060769391
2720,-2.1555345202480414
2721,-4.4838767889286935
2722,-3.920974973899243
2723,-2.5521563378245298
2724,-4.3859917194107965
2725,-2.4006172998623194
2726,-3.308991621360489
2727,-2.535309731622015
2728,-4.576040657838903
2729,-3.3561165821011794
2730,-3.7592528250130615
2731,-3.3152617514375455
2732,-3.33623052628506
2733,-1.9037991613415355
2734,-2.169751219631648
2735,-4.129845097876837
2736,-4.137770489353216
2737,-4.643091497834087
2738,-4.321778673303623
2739,-5.084682225422211
2740,-4.173072004297323
2741,-4.387212339616386
2742,-3.0359344822057976
2743,-3.251975716200545
2744,-0.8409612616905371
2745,-4.572072967424731
2746,-2.000108323219099
2747,-4.543264043609505
2748,-3.5762706550139556
2749,-4.453201331955722
2750,-6.313539272722359
2751,-3.305689097088653
2752,-2.766810089516426
2753,-1.7960431857286083
2754,-1.390611917432222
2755,-6.1481034602923605
2756,-4.140097366927208
2757,-4.040158174651051
2758,-1.833553771887331
2759,-5.651256423127082
2760,-2.5967736719991543
2761,-3.84803469666258
2762,-2.5676026515154455
2763,-3.566078973233754
2764,-2.918009861876345
2765,-2.6931248369705334
2766,0.2476880235563062
2767,-4.41308594221948
2768,-3.862278175721599
2769,-3.138281068515868
2770,-1.4109128703844998
2771,-4.5417334320032
2772,-4.761164781370538
2773,-4.84697965090734
2774,-0.40356846828491216
2775,-3.1998232847788834
2776,-4.765746935999084
2777,-5.63180692017663
2778,-3.0405511312106626
2779,-2.280806128613003
2780,-2.496257733376967
2781,-5.177767713047133
2782,-4.027512392404787
2783,-3.010155800905027
2784,-4.113402803897259
2785,-2.24683064529162
2786,-3.229107300699017
2787,-4.024600370487246
2788,-4.0348133397179815
2789,-2.3763190760708595
2790,-4.192060670206163
2791,-4.374803508164839
2792,-3.44599080103088
2793,-1.3208634474739582
2794,-3.720003923084453
2795,-4.546474021429919
2796,-4.03452381180289
2797,-4.765991855754366
2798,-4.291201647325378
2799,-5.088219910972869
2800,-1.996929806024182
2801,-2.32273716842371
2802,-3.1543936530327645
2803,1.286687976518381
2804,-4.060471732730056
2805,-2.7035172254389646
2806,-4.499726011198102
2807,-3.9528927328952244
2808,-4.48201120888264
2809,-4.671366123375833
2810,-3.9302817748936714
2811,-4.317647720282008
2812,-4.098569088381488
2813,-3.829142819793729
2814,-3.772205692599166
2815,-3.981550988318196
2816,-3.9545352624885926
2817,-3.924649612103915
2818,-5.325483577196415
2819,-2.8128367269799486
2820,0.2900995833593167
2821,-4.539389685350704
2822,-4.548442356126461
2823,-3.247408080449541
2824,-3.613113594244715
2825,-5.106700676898494
2826,-2.417852715274494
2827,-5.078122251298564
2828,-7.103284113023215
2829,-2.666987669324986
2830,-4.80875977526199
2831,-4.236404650679496
2832,-5.375414966832651
2833,-3.551100998710793
2834,-1.699987437735075
2835,-2.4886985272729696
2836,-3.814634544827591
2837,-4.715151473628675
2838,-2.961869074469011
2839,-3.1754535576305174
2840,-3.3299853367003123
2841,-4.6286685507699925
2842,-4.224699493215551
2843,-3.700167313735253
2844,-3.848804991580394
2845,-3.1944803554096444
2846,-4.376212917480872
2847,-6.129878441011934
2848,-3.9849144963340284
2849,-3.6896992839796305
2850,-4.041305301256255
2851,-5.50060279174401
2852,-3.3820371735463093
2853,-3.2225903013455053
2854,-4.077441543646191
2855,-3.2782585213258457
2856,-3.4778367810754847
2857,-2.729198063525195
2858,-3.8263845556759857
2859,-4.025916074369155
2860,-3.037091807780388
2861,-4.09774880333242
2862,-3.579668891664987
2863,-3.5322337275850515
2864,-3.7054491394594287
2865,-4.089436393588093
2866,-3.504362257152386
2867,-3.6362270096425062
2868,-4.572350436838859
2869,-3.7595568350659034
2870,-3.260696440848821
2871,-3.5032983533096704
2872,-1.4800128175440952
2873,-5.718827659690939
2874,-3.963854303229357
2875,-3.2930112584948943
2876,-2.5614462283576547
2877,-2.3585575229219087
2878,-5.8871439425008045
2879,-5.0295920864539845
2880,-2.4994114691610716
2881,-0.6626816029097529
2882,-3.1751371983759484
2883,-2.729820962588499
2884,-4.065619117223754
2885,-1.9006748422226498
2886,-0.6304357569483443
2887,-3.4759326193347775
2888,-4.1818131461471415
2889,-3.297601260834519
2890,-2.646656556854304
2891,-3.23529479899852
2892,-2.7924750292759666
2893,-4.751126550703003
2894,-3.4567758011743615
2895,-4.1075989912767445
2896,-4.6204721419387695
2897,-2.0304614113474417
2898,-2.8157299698422396
2899,-5.026385320043215
2900,-3.2130431284753493
2901,-4.164175148361507
2902,-4.013938449089938
2903,-4.011671725058612
2904,-4.1975909542385
2905,-4.523488772048638
2906,-5.668026205532139
2907,-4.711051017713354
2908,-2.3191703442544713
2909,-3.8415169730704184
2910,-2.7884467970348763
2911,-2.867963818078095
2912,-3.650276696558654
2913,-4.7630020645744215
2914,-3.549362579773677
2915,-4.05663067080962
2916,-4.746616076127098
2917,-4.0481846504084285
2918,-4.660155995022583
2919,-1.9207141323299326
2920,-4.2047820063300625
2921,-4.471902867713054
2922,-2.8691715321425706
2923,-3.9345331832066943
2924,-4.6647317176969745
2925,-4.273379639829688
2926,-3.1326507609963206
2927,-3.0189773740296846
2928,-2.2015884956083975
2929,-2.3826484299472868
2930,-3.6844378134629707
2931,-3.4287675096885595
2932,-4.040928751431659
2933,-3.982819550458302
2934,-3.7424902690573014
2935,-0.8613810764823475
2936,-2.5407920438098386
2937,-4.004846545823748
2938,-3.614785956524344
2939,-4.601960884055722
2940,-3.398571221007387
2941,-3.250673984206692
2942,-3.9942028935269756
2943,-3.7116276057477164
2944,-3.899898273251208
2945,-3.9020467509657153
2946,-3.1244515790151692
2947,-2.602663600668855
2948,-2.9860125582827455
2949,-5.351527414470809
2950,-3.6470981217164558
2951,-5.140154017514304
2952,-3.397898490515182
2953,-2.758737779434154
2954,-2.2101160238609094
2955,-4.5503063622848074
2956,-3.249593649869085
2957,-3.9914402149877146
2958,-3.879153511532663
2959,-4.4712002612105834
2960,-4.84119441722831
2961,-3.2799759018513273
2962,-0.21319096824157566
2963,-4.36510667875359
2964,-3.154978019820764
2965,-5.162348478700942
2966,-2.4723696664317205
2967,-4.883478238146902
2968,-4.781706700706354
2969,-2.4588641903043635
2970,-6.330009680005294
2971,-4.138737258867815
2972,-2.82625052977619
2973,-4.775193670256456
2974,-4.770461888456623
2975,-2.747378248022157
2976,-3.8962490752612395
2977,-4.03249574979859
2978,-3.496250209211451
2979,-5.9332236789462875
2980,-3.4331052047811763
2981,-3.160899245738028
2982,-3.9859700672542075
2983,-3.989889141517255
2984,-2.3180682600641886
2985,-3.873893057708397
2986,-5.209972489832816
2987,-3.4983382177868734
2988,-2.8450003456305493
2989,-2.4868225666924557
2990,-4.294498867029941
2991,-4.172970948963774
2992,-3.3428648541093473
2993,-3.9543939052569295
2994,-2.495851539865798
2995,-3.8359289108643577
2996,-3.3744032818842773
2997,-4.484235353048468
2998,-4.3754149503952595
2999,-2.82169061331768
3000,-2.552177191341032
3001,-3.194863032240536
3002,-1.0799130443108176
3003,-4.9469116249314125
3004,-2.904318054461755
3005,-2.6011916248867135
3006,-4.5676489937036395
3007,-5.475496466679679
3008,-3.323232801505759
3009,-3.850347763233581
3010,-5.226014338560273
3011,-3.670585642761803
3012,-2.733067378712128
3013,-3.9546036618557303
3014,-2.4397422846873393
3015,-4.29905894604279
3016,-4.1636075693466505
3017,-3.836695329359035
3018,-3.0123475756950118
3019,-5.820908162319141
3020,-3.1509697272992647
3021,-1.801233733874186
3022,-3.806127011318325
3023,-3.3933149632695017
3024,-2.9181796703083136
3025,-4.879475640047589
3026,-2.669954852187548
3027,-4.078254617806603
3028,-3.8535337547658006
3029,-2.2830314661150326
3030,-4.842677163138645
3031,-3.1183174241028553
3032,-2.9069773197703324
3033,-2.893264465660354
3034,-5.033077719897452
3035,-4.560699756323818
3036,-2.622724592584891
3037,-3.453910669509551
3038,-3.64173315167548
3039,-4.354594768054227
3040,-4.405722821585426
3041,-4.249978411355658
3042,-3.6993715271038354
3043,-1.4179186707495204
3044,-3.6231533489198515
3045,-5.268395934161941
3046,1.3417319841366262
3047,-3.408399318033234
3048,-3.4991033313656765
3049,-3.702212999385832
3050,-3.7797999311938244
3051,-1.6602533432589377
3052,-4.844603567639558
3053,-3.5796135377420915
3054,-3.4545432708454102
3055,-3.7475019848044
3056,-4.759862402012
3057,0.8370754968871793
3058,-1.7347707313251925
3059,-5.574992456901288
3060,-3.742394766156674
3061,-2.5452505996925487
3062,-3.2729011632811065
3063,-4.4612818601446085
3064,-2.615550679457537
3065,-4.346539499823526
3066,-2.01691454496514
3067,-3.0307922088281076
3068,-2.3660507040054637
3069,-3.7892009361047068
3070,-3.692042520688875
3071,-4.284099066827491
3072,-3.687793389742875
3073,-1.9363329078202305
3074,-2.7434903699169197
3075,-3.083102889199736
3076,-2.4324369661623493
3077,-4.284079366055644
3078,-4.019490044205404
3079,-3.9528943365998663
3080,-0.6116093187838684
3081,-3.855550189545712
3082,-3.6669303095554
3083,-2.655941547398477
3084,-3.630750917721748
3085,-5.424103218795526
3086,-4.571092078897927
3087,-3.7585597349435154
3088,-3.149416526886585
3089,-3.0526244314928856
3090,-4.82567586934173
3091,-3.6811885512594196
3092,-3.5341315352318143
3093,-1.9543508205662226
3094,-2.671556311150939
3095,-2.1585093312569494
3096,-3.0483117223178047
3097,-4.005319712536344
3098,-3.561141315054493
3099,-2.201746887390446
3100,-3.8808316725685335
3101,-3.3013569403842022
3102,-3.822649345236803
3103,-4.099089388616433
3104,-3.375564432532453
3105,-4.093064386183943
3106,-4.575206362682598
3107,-3.297255984590469
3108,-3.2218259512421583
3109,-2.863669564374359
3110,-3.114760058355859
3111,-4.390374703934535
3112,-2.550857094586868
3113,-5.313977612599975
3114,-4.682802732798
3115,-2.8508592717174652
3116,-4.396678601783609
3117,-3.9900042345561704
3118,-4.405780520293439
3119,-3.4907099059601605
3120,-3.408003719203502
3121,-3.5232230542422998
3122,-4.514949300501096
3123,-3.448933883568452
3124,-6.200039461198739
3125,-3.7581168609960103
3126,-5.415505158523135
3127,-3.305615872300936
3128,-3.3864294411718414
3129,-0.3349998956184218
3130,-3.269742701400259
3131,-4.666645794370741
3132,-3.5827847858038253
3133,-3.146117235850926
3134,-3.5350373269701536
3135,-4.356657534065785
3136,-3.223863294328535
3137,-4.05139577293512
3138,-4.71320712468886
3139,-4.096850304071498
3140,-3.926470868367557
3141,-4.196460573964178
3142,-3.7685311190372106
3143,-5.433666508374287
3144,-1.667757139889542
3145,-3.3394508757483505
3146,-2.6510228074165254
3147,-3.4550417225525867
3148,-2.5140934725291437
3149,-4.512119425939427
3150,-3.632449062811622
3151,-3.3781514093659837
3152,-4.736986139545015
3153,-4.038727698664169
3154,-4.071583638784154
3155,-3.4156219294450483
3156,-2.238532860274908
3157,-3.8638630327568357
3158,-4.549540330647058
3159,-2.862224824162166
3160,-3.0997190049437933
3161,-4.801617072994589
3162,-3.1722121982670997
3163,-3.6158949629929125
3164,-3.7803438628410757
3165,-4.892142389738052
3166,-5.152356976532517
3167,-4.056961728081101
3168,-3.2686833790825918
3169,-3.4158768259296273
3170,-4.793220476388371
3171,-3.856067050032105
3172,-4.17010393783758
3173,-0.5605100463993103
3174,-3.5503373334492694
3175,-2.682716966329694
3176,-4.57788609712119
3177,0.24004433968476782
3178,-2.409642726275762
3179,-3.1750369196071486
3180,-3.5731670037824115
3181,-4.5511336094334895
3182,-2.6473979061070305
3183,-3.6256167225270137
3184,-4.821140767779221
3185,-3.2355842896357134
3186,-3.988819795761318
3187,-3.380779667550627
3188,-4.607615969624815
3189,-3.957466869121906
3190,-3.0904728582303194
3191,-4.333399000769645
3192,-3.5355193354579724
3193,-4.019220837202517
3194,-3.7911429284686107
3195,-4.879138758527584
3196,-3.0035324891406865
3197,-3.499995117209895
3198,-4.070251287819014
3199,-3.8637800855209212
3200,-3.0074683093971375
3201,-3.9861781800508878
3202,-3.067314592056786
3203,-3.0730708854053366
3204,-1.838299821182985
3205,-5.55608290677858
3206,-2.4638930713574587
3207,-3.1900753841452456
3208,-2.451360382644473
3209,-3.0457958613259652
3210,-4.0961247712609765
3211,-4.585526032057165
3212,-3.764514761827598
3213,-3.5206133412155207
3214,-3.8507832816160916
3215,-4.716323798894375
3216,-3.21317547651099
3217,-4.281967266935825
3218,-3.080279705131097
3219,-3.0851363401727587
3220,-0.8404865703583251
3221,-5.149296089768095
3222,-3.2005509652518245
3223,-4.966078150671382
3224,-3.849121342553559
3225,-2.5067638711658886
3226,-5.088128324307574
3227,-3.708416432447654
3228,-4.337089472238094
3229,-4.031356088036002
3230,-4.770030249329574
3231,-3.3852097044432203
3232,-3.8049109300090125
3233,-3.755815373918517
3234,-4.595865924374151
3235,-4.093872247483476
3236,-3.8226572267286234
3237,-2.902942100584313
3238,-1.4710215941901605
3239,-4.076750009962685
3240,-3.6303981928734768
3241,-4.481141591290207
3242,-2.5090890781667063
3243,-5.546783272279094
3244,-5.981999877045425
3245,-2.905054870402415
3246,-2.9161752824099167
3247,-2.3201479966896494
3248,-3.5548446021220754
3249,-3.5348659353112035
3250,-4.489580122193913
3251,0.6738892420351119
3252,-3.4490082822682906
3253,-3.3620160895518327
3254,-3.7292488420841914
3255,-3.6584540470749154
3256,-6.195468220477939
3257,-2.8184823578251907
3258,-6.4400674194260725
3259,-3.8353894802621578
3260,-1.8404157973690374
3261,-2.8030809996705472
3262,-3.602165952739447
3263,-2.9371164438847854
3264,-2.425875687025218
3265,-3.7880121428650937
3266,-3.835447643566128
3267,0.4872820035124841
3268,-3.1542678731641107
3269,-2.9850687568125065
3270,-3.9599834951396855
3271,-3.057629474626821
3272,-5.153243698654232
3273,-3.535761643855854
3274,-0.2234267399979981
3275,-3.1497726487131934
3276,-2.8756745680021694
3277,-4.362177250937247
3278,-5.458325536697491
3279,-2.474618077461603
3280,-4.588560566041228
3281,-5.3585143259009
3282,-4.500460029265684
3283,-3.6839487235406434
3284,-4.174115797871315
3285,-2.0946631957138067
3286,-3.7234196908798194
3287,-2.9490042031714583
3288,-1.8781265237755849
3289,-3.980264734846901
3290,-3.7917491352447796
3291,-5.062589944068962
3292,-4.494434203229981
3293,-4.811601228891789
3294,-3.702504644451529
3295,-5.368632738167916
3296,-2.3277071986204176
3297,-2.6724082031679073
3298,-6.039171733460679
3299,-3.402646578970502
3300,-5.448237779737219
3301,-4.096664883199268
3302,-4.986766779074049
3303,-4.82963595058206
3304,-4.378114355039739
3305,-4.982931808635478
3306,-3.088790461204233
3307,-3.6946674035371236
3308,-3.426312611221717
3309,-3.5328673433483586
3310,-2.6368784176754496
3311,-5.221663249943252
3312,-3.2483469956509134
3313,-2.7168818756119113
3314,-2.662086015991616
3315,-3.1389771726224427
3316,-3.98332775703506
3317,0.3294895904496999
3318,-5.460047951869951
3319,-3.814277197792455
3320,-2.985979526965232
3321,-5.035124355695281
3322,-4.4047084933622624
3323,-4.406364492311604
3324,-2.730398477799437
3325,-4.156813723661865
3326,-4.723735111805794
3327,-3.1131550815401337
3328,-4.169802078079334
3329,-4.262327491305863
3330,-1.7810042065267995
3331,-2.2108115248280122
3332,-4.036379042297136
3333,-4.0234259557916126
3334,-4.858744006960049
3335,-4.729660759036482
3336,-3.322998215041414
3337,-4.693917693789156
3338,-3.826135284330851
3339,-5.676536843914915
3340,-3.349461994218337
3341,-3.6058673020047083
3342,-3.8833625771911064
3343,-2.285755072219332
3344,-4.773149967509951
3345,-4.304429546459846
3346,-4.968929771669314
3347,-3.2948160047137534
3348,-5.719473437140724
3349,-2.6894528924846406
3350,-3.643404532139188
3351,-3.7527485865328316
3352,-2.7621307484512387
3353,-2.9528122913646917
3354,-3.6901642724675576
3355,-4.661596523395552
3356,-3.785784733505153
3357,-3.9087524211798366
3358,-4.780337993430332
3359,-4.108220246450468
3360,-4.6514401261245855
3361,-2.1243351904908323
3362,-2.6444311941173093
3363,-1.793007040042115
3364,-3.800570559144258
3365,-2.8811737660855137
3366,-4.436692605442793
3367,-2.7837483763345436
3368,-3.879715937927266
3369,-3.319916661817464
3370,-3.228307705279395
3371,-4.99777264805958
3372,-3.013001342710216
3373,-4.549560834140798
3374,-2.943897850409115
3375,-4.840780299795805
3376,-3.955543801940779
3377,-4.104274820752482
3378,-4.449443037032197
3379,-4.677256735597114
3380,-4.320219577687245
3381,-3.492209489788588
3382,-5.363428930866091
3383,-0.25506171115185244
3384,-3.824968603048099
3385,-2.867018714770555
3386,-2.62551472482805
3387,-4.296103690595429
3388,-3.2256928501951085
3389,-2.499386933933738
3390,-4.230199279172833
3391,-2.445278161031414
3392,-4.811299671439057
3393,-2.3850761506536813
3394,-2.9258348905278613
3395,-5.1236399527577445
3396,-3.179120450922396
3397,-3.496886678674657
3398,-3.2351321472513894
3399,-2.634802450759417
3400,-3.522029884478498
3401,-4.7247735897642364
3402,-3.912751036493359
3403,-3.8399749854232668
3404,-3.758856974823752
3405,-2.627932730002944
3406,-1.4420777479727687
3407,-2.18697817446601
3408,-2.6490209919013505
3409,-3.0755095714006875
3410,-3.810512671226616
3411,-4.022136590461509
3412,-5.012262856470218
3413,-2.072862232895202
3414,-3.806294609422286
3415,-2.712434182554437
3416,-4.2230226021680135
3417,-3.0920915014652617
3418,-4.388420783316153
3419,-0.881405389017254
3420,-5.642274287382163
3421,-3.4135230675393826
3422,-4.305550264815477
3423,-4.537921787253517
3424,-3.3337810653598994
3425,-5.219909071564006
3426,-4.136347002287518
3427,-4.624771799266463
3428,-6.383363125258926
3429,0.49536790699725025
3430,-3.2049893477803515
3431,-5.4967308903255025
3432,-3.376553060039738
3433,-0.4416917475615001
3434,-3.818867848478626
3435,-2.8166490159259907
3436,-4.280208307465759
3437,-4.292384313735928
3438,-4.2068039391591645
3439,-5.043915240084012
3440,-4.166479597341172
3441,-3.880360311181193
3442,-3.2770204830106167
3443,-2.5958835309289987
3444,-4.140379119434925
3445,-3.5228316082123206
3446,-3.4107159216675753
3447,-4.131815038542012
3448,-1.712538081783798
3449,-3.1198088295108417
3450,-2.8838446765177173
3451,-4.091221567448226
3452,-3.4922601822443804
3453,-4.712905093400968
3454,-3.036136122560057
3455,-4.5441631917256196
3456,-4.992426978672466
3457,-4.51279479312599
3458,-4.179733138593305
3459,-3.495116862836663
3460,-1.9018347931263044
3461,-1.9387964514118747
3462,-3.175489325296819
3463,-3.2607051192636187
3464,-2.936124019992805
3465,-3.7355695137451432
3466,-4.135950940452316
3467,-4.016184554959772
3468,-1.0952122266202617
3469,-5.179743617644012
3470,-3.469175215538248
3471,-2.4833264307578666
3472,-2.838657437393281
3473,-3.598551588703345
3474,-3.622331981746068
3475,-4.154818023719066
3476,-3.9197443641404672
3477,-3.9782749631945413
3478,-4.762047028592054
3479,-4.114418957136672
3480,-3.3371093251453767
3481,-2.601757687982242
3482,-2.9204118424957977
3483,-3.1376016110011937
3484,-1.2478384965572475
3485,-2.6199419709554834
3486,-4.270780143363965
3487,-3.66460679958348
3488,-4.448029172569556
3489,-4.782273943726245
3490,-3.080124272128651
3491,-2.6989163307554063
3492,-5.467004210349812
3493,-3.5257627400910367
3494,-3.6312643293478453
3495,-4.028740474826617
3496,-4.317133711378077
3497,-4.8686801147117595
3498,-3.3297950527440756
3499,-4.005819569398191
3500,-4.1442688126672
3501,-1.798658467085862
3502,-3.6746440331285735
3503,-4.1845199732004135
3504,-4.1650964004222875
3505,-3.3515430797637324
3506,-4.206035737734837
3507,-4.492766352756491
3508,-2.3671955017279855
3509,-4.127351422015993
3510,-4.464614129735046
3511,-3.286730633295887
3512,-3.343789428618676
3513,-2.311134777205827
3514,-3.708402155058766
3515,-3.254998593227304
3516,1.5968711479878612
3517,-3.9195405363943
3518,-6.106087709305046
3519,-5.804343058344358
3520,-5.48359634251071
3521,-3.746486207407409
3522,-5.249249862523749
3523,-4.831624164696735
3524,-5.070447614236141
3525,-4.4473930751223465
3526,-4.818748857134298
3527,-3.784569709122498
3528,-2.617700139654684
3529,-3.374466069210858
3530,-2.0031022623986576
3531,-2.3633272134230556
3532,-1.4378959925868025
3533,-2.4384917302998326
3534,-3.468353284862256
3535,-1.696272848923059
3536,-5.0993843094328835
3537,-4.902765437567001
3538,-3.5063131839676003
3539,-4.711458484291228
3540,-4.429218875539018
3541,-3.219652583302608
3542,-4.116316123003798
3543,-4.265348257215538
3544,-3.1765744580516873
3545,-2.0657925170874454
3546,-3.422622680210526
3547,-2.4729978828324297
3548,-3.567645262763111
3549,-4.6090167298639795
3550,-4.400820725452972
3551,-3.469994268715148
3552,-3.3685193486347202
3553,-4.254383586505481
3554,-3.6519018750335515
3555,-4.341905860812992
3556,-1.1166350045623163
3557,-3.3705732646341224
3558,-2.3123293981999242
3559,-4.750651406760024
3560,-3.769873038584238
3561,-2.713200052706895
3562,-2.360567484077731
3563,-4.485138648242566
3564,-3.536087566354902
3565,-4.871455875948954
3566,-3.1859191954490287
3567,-3.387177498234798
3568,-3.522671224976453
3569,-3.959078300282916
3570,-3.0723661746785624
3571,-3.2208318968511565
3572,-4.2753789753789775
3573,-3.080334494653172
3574,-4.406798209142192
3575,-5.389448631177885
3576,0.06794623042470052
3577,-3.790802550325688
3578,-4.264185898190617
3579,-5.334116724761124
3580,-3.4239258144741784
3581,-2.2187776580001684
3582,-4.502605066755356
3583,-4.149071085802824
3584,-4.886710136348318
3585,-4.709723661615538
3586,-3.4447941948185457
3587,-2.346146303457869
3588,-3.380515660329514
3589,-5.0773584130526555
3590,-4.6380670449041945
3591,-2.2228742155242105
3592,-3.236959870840359
3593,-2.8036102179551894
3594,-4.151045984125913
3595,0.14799018685241339
3596,-5.304713665361936
3597,-3.067447927959967
3598,-5.161760824208574
3599,-3.883516193969447
3600,-1.3891767169938767
3601,-3.227552014071572
3602,-2.706556077711328
3603,-6.314179809396267
3604,-4.187364139534768
3605,-2.8285153997039987
3606,-3.567412073713548
3607,-5.527760443467476
3608,-4.005822694966509
3609,-2.325149038168108
3610,-4.086112041959449
3611,-3.9655922192274415
3612,-4.922200145176371
3613,-4.8077755700604685
3614,-1.5270068566981603
3615,-3.5681087688118573
3616,-3.8783420678633216
3617,-1.5250713725766856
3618,-3.7167792022012476
3619,-1.2151111992138133
3620,-5.413616238475429
3621,-3.7711758239778197
3622,-0.3068901708429239
3623,-4.6106020149387765
3624,1.3049866821803175
3625,-4.787372766292566
3626,-2.9447054838805355
3627,-5.830836661766796
3628,-2.939995257001583
3629,-2.6109963522469153
3630,-5.621395589716257
3631,-5.094140461328291
3632,-5.240195871046824
3633,-4.5665855173785355
3634,-3.9479106033444533
3635,-3.556743505433204
3636,-3.443226765664521
3637,-3.096895718743987
3638,-3.967445508527125
3639,-4.915549767005349
3640,-3.2387494210698446
3641,-4.858835977534086
3642,-2.101438727082413
3643,-5.180746300390714
3644,-4.5507640149991335
3645,-5.204170298000563
3646,-4.303952693655067
3647,-3.939936880853368
3648,-3.3178052345292266
3649,-3.3243254403867537
3650,-3.3072210290808517
3651,-3.560281617164184
3652,-2.6234094997479147
3653,-4.182943796470338
3654,-4.216978728030864
3655,-4.544369179499311
3656,-2.6395478543719295
3657,-4.793057563592534
3658,-5.245577624493548
3659,-0.1280341182811521
3660,-1.385298364318877
3661,-2.3454818634021364
3662,-3.0587739999937837
3663,-3.3044070968829065
3664,-3.957279028532951
3665,-4.281144102210708
3666,-2.766156388564967
3667,-2.4826689998949947
3668,-5.986652762005328
3669,-4.57699534135945
3670,-4.152594921697966
3671,-4.19409846639161
3672,-3.6920625479316103
3673,-2.448347240843263
3674,-2.7684413201275877
3675,-1.440193016997089
3676,-2.9307754413434024
3677,-3.5253571497715006
3678,-4.29784164856601
3679,-3.5093400288709016
3680,-4.494472644527025
3681,-4.541738643084321
3682,-4.908994211990242
3683,-2.9951071219115524
3684,-2.5154032836750546
3685,-4.181365225261327
3686,-3.8368315801642705
3687,-5.095659426830879
3688,-5.524499731529449
3689,-4.901721129087095
3690,-5.697139780010369
3691,-3.287895495271681
3692,-5.045187962476454
3693,-4.673576534892886
3694,-1.6837774059887125
3695,-4.80374749807537
3696,-3.4101140406853983
3697,-4.835158742196669
3698,-3.3989362391925853
3699,-3.141044184294912
3700,-3.446448038342698
3701,-4.312522885748372
3702,-2.9635314703087663
3703,-4.274880684791673
3704,-2.9118796096572823
3705,-4.957764378278522
3706,-4.773381937497507
3707,-6.1118840115412425
3708,-3.498499084208281
3709,-3.9495243656491477
3710,-2.377426707627533
3711,-3.5858813759672623
3712,-4.293316120857691
3713,-2.5887673102621402
3714,-4.094889540213325
3715,-5.56855384467598
3716,-4.694599257401459
3717,-3.025467519684448
3718,-2.379481016867362
3719,-4.642280941917592
3720,-3.6904681269012864
3721,-2.5288632046111563
3722,-3.152475933455786
3723,-3.4382603259148974
3724,-5.2104865718193984
3725,-4.2611658898575495
3726,-2.732816541106439
3727,-4.235375771816977
3728,-2.239688187078764
3729,-2.435148961623535
3730,-3.9747115655620777
3731,-4.266973750113205
3732,-3.132534585975062
3733,-3.0844241615071617
3734,-3.1052793267324854
3735,-4.375622298528151
3736,-4.043978446347142
3737,-3.1781474826801848
3738,-4.314564196983553
3739,-4.117167444330174
3740,-4.69121490055785
3741,-4.638351507226814
3742,-3.8455721669628753
3743,-4.912067599738861
3744,-4.861322966839152
3745,-4.371016458619531
3746,-3.9740097608822285
3747,-3.6436430206443777
3748,-5.261152849365324
3749,-4.004853080438872
3750,-2.437751431554784
3751,-3.9643221106324424
3752,-6.190816240078816
3753,-3.0440923211669326
3754,-5.222249023098633
3755,-3.8928476227915847
3756,-2.706984734727003
3757,-3.415656731515152
3758,-3.5477692253277118
3759,-3.7081237954199278
3760,-3.2266663667564663
3761,-3.2784670587307403
3762,-3.0069854128759625
3763,-4.413090908810955
3764,-5.519642263113799
3765,-4.378539962394076
3766,-3.3589769566530796
3767,-4.013955019062161
3768,-4.83976738924526
3769,-4.665640476505012
3770,-4.092172685011001
3771,-4.203764321842237
3772,-5.493800003500783
3773,-2.3569262073736224
3774,-3.4684719617677047
3775,-2.735403018162136
3776,-5.546144860692547
3777,-2.2027409717103668
3778,-5.3351470057695085
3779,-3.9801528574991
3780,-4.967131097773077
3781,-4.026360777223457
3782,-3.907835196934501
3783,-3.2917534510478235
3784,-4.202425076934046
3785,-5.919014329343981
3786,-3.6163550314173043
3787,-2.9249012155460616
3788,-4.631022725544836
3789,-2.340987943820714
3790,-1.4245472022480195
3791,-4.256819701838475
3792,-4.430479416677695
3793,-2.0149901839286284
3794,-3.7538375962029176
3795,-2.836635244132929
3796,-2.727074930000478
3797,-1.993952787960528
3798,-4.614155883563478
3799,-3.6252010191277466
3800,-3.4063295118425474
3801,-4.094003015525557
3802,-1.2805618474375913
3803,-4.137671596213483
3804,-4.199608369039605
3805,-1.9713111564801027
3806,-5.408273303830362
3807,-3.762488416836268
3808,-4.111729209041657
3809,-3.0585803685932063
3810,-3.82567016520066
3811,-4.190049322648341
3812,-4.309530543031625
3813,0.6950785668341213
3814,-4.580760227124906
3815,-0.41861695166064894
3816,-2.3966887467964053
3817,-6.350702067689138
3818,-3.7268146360302556
3819,-2.5717382763505956
3820,-5.286425687718426
3821,-1.6695110962280406
3822,-4.028381078208317
3823,-3.2673631346554197
3824,-3.9663714168092907
3825,-3.2041387059538025
3826,-4.608420458246019
3827,-3.4088585002602896
3828,-3.5321599372002748
3829,-2.6751620199731465
3830,-1.8767236623699335
3831,-5.680856162513406
3832,-3.393613689851068
3833,-5.82669964212494
3834,0.8778386447203979
3835,-2.6741378732527417
3836,-3.4020104898266803
3837,-1.7989676774902355
3838,0.4079091316532053
3839,-3.3445281135677933
3840,-3.2023866351610137
3841,-3.1834328689237
3842,-3.61365782875768
3843,-3.194347290095038
3844,-2.960803887647326
3845,-4.039134986929247
3846,-3.595094697672436
3847,-4.45443256710059
3848,-3.141564170699068
3849,-5.556046426639982
3850,-3.831669228789907
3851,-4.680675673615827
3852,-5.738739107583107
3853,-2.8338523474473125
3854,-2.5160303815694065
3855,-5.488507822021082
3856,-3.961014784886994
3857,-3.957217324388106
3858,-4.7684599336376685
3859,-3.1147251017730713
3860,-4.7198051394011475
3861,-2.284269860164051
3862,-3.179194790563979
3863,-3.498351794445848
3864,-2.307259879986616
3865,-4.281816531646365
3866,-3.8646805678093887
3867,-4.575100916921118
3868,-3.01511584264508
3869,-1.9655999682364091
3870,-3.0121578798055473
3871,-3.847814012481367
3872,-4.256681962315378
3873,-1.9291676113071117
3874,-4.062758212355238
3875,-4.055778319398598
3876,-5.173496436892939
3877,-4.026298154612655
3878,-3.035531777238626
3879,-2.852666687327041
3880,-2.9867547995844337
3881,-4.666784327237829
3882,-1.5805049374090494
3883,-2.7488474184640292
3884,-4.152378158285609
3885,-4.027305234098278
3886,-3.7272180252216245
3887,-4.743836853354971
3888,-4.868114677671891
3889,-4.120331005450832
3890,-3.9084697945951525
3891,-4.50303374902075
3892,-3.692416098384717
3893,-2.279192930217568
3894,-1.7328201529618532
3895,-4.408888618566237
3896,-3.3693194735758367
3897,-5.257477739805721
3898,-4.1295702685206335
3899,-4.604181717887993
3900,-3.575594507009243
3901,-4.166962829102235
3902,-1.2012142885327548
3903,-2.22138522714148
3904,-2.862822496447917
3905,-3.77316908562729
3906,-3.75843128177862
3907,-2.3571801527105154
3908,-3.959628056661299
3909,-5.206468861360967
3910,-4.482201109401969
3911,-4.050497655130347
3912,-1.3683835597827274
3913,-3.182916682524113
3914,-5.733673938180228
3915,-4.436250473508406
3916,-4.490100314218206
3917,-2.617037876055252
3918,-5.918362401587694
3919,-2.9983325725235175
3920,-3.587302873325062
3921,-2.0018769366550457
3922,-3.333100507386036
3923,-3.9405058102080837
3924,-3.653352409419496
3925,-3.345832548099976
3926,-4.047053738103185
3927,-3.1691037900077625
3928,-3.4451205305101773
3929,-3.7701934663441907
3930,-4.306145237265568
3931,-2.0967662413417676
3932,-3.9287817595195604
3933,-3.635551159581589
3934,-0.5010513398487823
3935,0.6930693729663711
3936,-2.321237676242626
3937,-2.7050319461400796
3938,-2.2342504877115323
3939,-4.36019675031348
3940,-4.258242738850475
3941,-3.469897223307918
3942,-2.9208983319283597
3943,-2.8419974824299032
3944,-3.9431436121183374
3945,-4.2769502169054165
3946,-3.605683552042112
3947,-3.0043843494578253
3948,-2.254970651496752
3949,-4.534736367478705
3950,-2.876352132840519
3951,-5.017657548516793
3952,-4.5308120476347895
3953,-2.5605474943963213
3954,-2.979923241874884
3955,-5.058350040213551
3956,-4.402813092266797
3957,-2.837612739885645
3958,-5.377422081939236
3959,-3.833548530494139
3960,-3.7465000622411444
3961,-2.4198776971156115
3962,-5.191096092842422
3963,-4.387935381456619
3964,-3.8565240634925395
3965,-3.9451819557162495
3966,-2.88160543012006
3967,-3.286424022848763
3968,-4.0591737755323765
3969,-3.846314446267088
3970,-4.97978556890961
3971,-5.098978299965698
3972,-1.6116156169226803
3973,-4.788873834115719
3974,-3.18336156666699
3975,-4.413484061929858
3976,-4.664950859000242
3977,-2.690835418416918
3978,-5.311734536904497
3979,-5.7038100047123415
3980,-4.242895044809951
3981,-7.036282541439883
3982,-4.98729751230306
3983,-3.9668246177706803
3984,-4.480998773721616
3985,-3.3868998927792098
3986,-4.409672349714346
3987,-3.89134151397357
3988,-4.477448484665233
3989,-4.41342807774705
3990,0.6583560200903554
3991,-5.0054345673088365
3992,-3.4373828299431493
3993,-4.583232245343365
3994,-3.28061614103761
3995,-2.6275290279027996
3996,-3.7970725510593892
3997,-4.69618440094474
3998,-1.994089129492321
3999,-5.411788513024025
4000,-3.9772583686677176
4001,-2.9835160043860305
4002,-4.782475966962305
4003,-3.558221232318641
4004,-3.159580731500842
4005,-4.27681255449051
4006,-3.7447219867066446
4007,-4.394352882736307
4008,-4.077425878954129
4009,-3.801886810570219
4010,-1.8960552045180332
4011,-3.9412846628719285
4012,-4.461089530038179
4013,-3.4184640345295088
4014,-2.43320543908905
4015,-2.306520757235127
4016,-5.087863620397604
4017,-3.304043578286146
4018,-5.607245925642511
4019,-4.334030297715303
4020,-2.9298396913289184
4021,-3.5261216280746908
4022,-2.941689133998743
4023,-3.529163410432943
4024,-3.9411635794036797
4025,-4.064808690205208
4026,-3.9064499613500225
4027,-3.7875568205802512
4028,-3.877530777475483
4029,0.40759773795018467
4030,-4.88174628411494
4031,-3.783481150299048
4032,-2.9481665804914607
4033,-3.6563788975424933
4034,-2.2822486349787137
4035,-3.511056891501703
4036,-0.9851148281823805
4037,-3.40614595032661
4038,-3.3573549925124064
4039,-3.5403804371300134
4040,-3.0728905288527915
4041,-2.6303865100103287
4042,-5.055732191206382
4043,-3.6770046729799297
4044,-2.4798749849260164
4045,-4.853495548903587
4046,-4.598906388988859
4047,-3.4353753221330527
4048,-4.182747907019124
4049,-2.679142095636806
4050,-3.973330723627757
4051,-4.270946506023754
4052,-4.4100525334936895
4053,0.4127143795876771
4054,-2.2312414456458742
4055,-2.7566846333989496
4056,-4.328272348628744
4057,-4.904655422062538
4058,-1.3453713910262908
4059,-3.7618135899734453
4060,-3.399026132785895
4061,-6.235340354775795
4062,-3.836173039583441
4063,-2.829308100066994
4064,-2.6391016210432903
4065,-3.3922801812088643
4066,-2.705787079521805
4067,-2.269410766672778
4068,-3.927081645881624
4069,-4.343614254178414
4070,-4.626884589560819
4071,-1.4613469540787187
4072,-4.205858939233281
4073,-2.219096265004243
4074,-3.880543042082036
4075,-3.9808142641788784
4076,-3.1173469653029953
4077,-0.49053422691693843
4078,-3.1387293632393973
4079,-4.334460609007465
4080,-2.7714732941709674
4081,-2.513297356387811
4082,-4.490576996656336
4083,-3.1509109586092685
4084,-2.8718638290143197
4085,-3.6439096271871247
4086,-4.029434996846798
4087,-2.6153820019473732
4088,-2.2846380423606427
4089,-3.3729991089588807
4090,-4.107529581349306
4091,-2.868775778080135
4092,-3.328146208965065
4093,-2.304652265800137
4094,-5.00598058528738
4095,-3.7647827882721585
